ts_entry,ts_close,symbol,side,modo,notional,entry_price,exit_price,tp_price,sl_price,motivo,pnl_pct,pnl_usd,fees,prob_exito,result
2026-09-04T11:49:43.063990+00:00,2026-09-04T12:30:22.420125+00:00,RIVER/USDT:USDT,LONG,canasta,30.00,1.269,1.21,1.313415,1.249965,SL,-4.649,-1.424799,0.030000,0.399,LOSS
2026-09-04T11:49:43.063990+00:00,2026-09-04T12:30:58.855042+00:00,MOVR/USDT:USDT,LONG,canasta,30.00,0.7728,0.7573,0.799848,0.761208,SL,-2.006,-0.631708,0.030000,0.450,LOSS
2026-09-04T11:49:43.063990+00:00,2026-09-04T12:32:40.625542+00:00,ZEC/USDT:USDT,SHORT,canasta,30.00,1009.21,973,973.88765,1024.3482,TP,3.588,1.046386,0.030000,0.458,WIN
2026-09-04T12:32:45.924358+00:00,2026-09-04T13:47:28.982886+00:00,LIT/USDT:USDT,SHORT,canasta,30.00,4.6479,4.7229,4.4852235,4.7176185,SL,-1.614,-0.514090,0.030000,0.522,LOSS
2026-09-06T14:48:43.176216+00:00,2026-09-06T14:57:54.732805+00:00,JUP/USDT:USDT,SHORT,canasta,35.66,0.2637,0.2678,0.2544705,0.2676555,SL,-1.555,-0.590101,0.035660,0.433,LOSS
2026-09-06T14:48:24.606081+00:00,2026-09-06T15:14:25.162715+00:00,COTI/USDT:USDT,SHORT,canasta,35.66,0.018739,0.018079,0.018083135,0.019020085,TP,3.522,1.220309,0.035660,0.424,WIN
2026-09-06T14:48:24.606081+00:00,2026-09-06T15:53:31.220488+00:00,BTR/USDT:USDT,SHORT,canasta,36.12,0.04722,0.04809,0.0455673,0.0479283,SL,-1.842,-0.701609,0.036120,0.434,LOSS
2026-09-06T16:01:57.831371+00:00,2026-09-06T16:42:04.398640+00:00,JCT/USDT:USDT,LONG,canasta,29.67,0.001954,0.001924,0.00202239,0.00192469,SL,-1.535,-0.485197,0.029670,0.303,LOSS
2026-09-06T14:48:24.606081+00:00,2026-09-06T16:44:26.596160+00:00,AR/USDT:USDT,SHORT,canasta,37.67,2.913,2.958,2.811045,2.956695,SL,-1.545,-0.619596,0.037670,0.516,LOSS
2026-09-06T16:44:29.337128+00:00,2026-09-06T17:11:14.260184+00:00,SIGN/USDT:USDT,SHORT,canasta,35.83,0.010648,0.010808,0.01027532,0.01080772,SL,-1.503,-0.574222,0.035830,0.517,LOSS
2026-09-06T17:36:41.758232+00:00,2026-09-06T17:41:28.902931+00:00,SIGN/USDT:USDT,SHORT,canasta,30.00,0.010864,0.01093,0.010798816,0.010929184,SL,-0.608,-0.212253,0.030000,0.527,LOSS
2026-09-06T17:36:41.758232+00:00,2026-09-06T17:43:57.012764+00:00,BMT/USDT:USDT,SHORT,canasta,30.00,0.01769,0.01757,0.01758386,0.01779614,TP,0.678,0.173505,0.030000,0.454,WIN
2026-09-06T17:36:41.758232+00:00,2026-09-06T17:45:08.733768+00:00,ZK/USDT:USDT,SHORT,canasta,30.00,0.011115,0.011046,0.01104831,0.01118169,TP,0.621,0.156235,0.030000,0.425,WIN
2026-09-06T17:46:14.529628+00:00,2026-09-06T17:49:52.413876+00:00,EDU/USDT:USDT,SHORT,canasta,30.00,0.05591,0.05557,0.05557454,0.05624546,TP,0.608,0.152436,0.030000,0.434,WIN
2026-09-06T17:53:43.817838+00:00,2026-09-06T17:53:48.705253+00:00,CHILLGUY/USDT:USDT,SHORT,canasta,30.00,0.015673,0.015787,0.015578962,0.015767038,SL,-0.727,-0.248210,0.030000,0.432,LOSS
2026-09-06T17:43:57.012764+00:00,2026-09-06T18:14:35.260441+00:00,XMR/USDT:USDT,SHORT,canasta,30.00,529.85,533.03,526.6709,533.0291,SL,-0.600,-0.210051,0.030000,0.472,LOSS
2026-09-06T17:37:32.890490+00:00,2026-09-06T18:48:45.669874+00:00,CFG/USDT:USDT,LONG,canasta,30.00,0.1053,0.1046,0.1059318,0.1046682,SL,-0.665,-0.229430,0.030000,0.412,LOSS
2026-09-06T17:44:32.203471+00:00,2026-09-06T18:54:09.133821+00:00,WIF/USDT:USDT,SHORT,canasta,30.00,0.2146,0.2133,0.2133124,0.2158876,TP,0.606,0.151733,0.030000,0.430,WIN
2026-09-06T18:29:30.043183+00:00,2026-09-06T18:56:22.721450+00:00,MOVR/USDT:USDT,LONG,canasta,30.00,0.8093,0.8142,0.8141558,0.8044442,TP,0.605,0.151638,0.030000,0.474,WIN
2026-09-06T17:54:00.262677+00:00,2026-09-06T18:56:32.117079+00:00,ACE/USDT:USDT,SHORT,canasta,30.00,0.16638,0.16538,0.16538172,0.16737828,TP,0.601,0.150310,0.030000,0.447,WIN
2026-09-06T18:54:14.170196+00:00,2026-09-06T18:57:29.043880+00:00,SYRUP/USDT:USDT,SHORT,canasta,30.00,0.22141,0.21999,0.22008154,0.22273846,TP,0.641,0.162403,0.030000,0.503,WIN
2026-09-06T18:57:45.190758+00:00,2026-09-06T18:57:49.546963+00:00,SYRUP/USDT:USDT,SHORT,canasta,30.00,0.22148,0.21999,0.22015112,0.22280888,TP,0.673,0.171824,0.030000,0.503,WIN
2026-09-06T18:58:01.534953+00:00,2026-09-06T18:58:05.906949+00:00,SYRUP/USDT:USDT,SHORT,canasta,30.00,0.22148,0.21996,0.22015112,0.22280888,TP,0.686,0.175888,0.030000,0.503,WIN
2026-09-06T19:00:06.305309+00:00,2026-09-06T19:03:30.176895+00:00,我踏马来了/USDT:USDT,SHORT,canasta,30.00,0.012558,0.012639,0.012482652,0.012633348,SL,-0.645,-0.223502,0.030000,0.433,LOSS
2026-09-06T19:03:45.419115+00:00,2026-09-06T19:06:19.454293+00:00,DOGS/USDT:USDT,SHORT,canasta,30.00,4.626e-05,4.597e-05,4.598244e-05,4.653756e-05,TP,0.627,0.158067,0.030000,0.519,WIN
2026-09-06T19:06:21.199736+00:00,2026-09-06T19:06:24.043209+00:00,DOGS/USDT:USDT,SHORT,canasta,30.00,4.626e-05,4.597e-05,4.598244e-05,4.653756e-05,TP,0.627,0.158067,0.030000,0.519,WIN
2026-09-06T19:00:39.893168+00:00,2026-09-06T19:08:06.427863+00:00,EGLD/USDT:USDT,SHORT,canasta,30.00,4.518,4.49,4.490892,4.545108,TP,0.620,0.155923,0.030000,0.438,WIN
2026-09-06T18:14:36.901751+00:00,2026-09-06T19:38:21.496226+00:00,ONG/USDT:USDT,SHORT,canasta,30.00,0.09164,0.09107,0.09109016,0.09218984,TP,0.622,0.156600,0.030000,0.428,WIN
2026-09-06T19:34:26.512224+00:00,2026-09-06T19:49:03.325647+00:00,BICO/USDT:USDT,LONG,canasta,30.00,0.02274,0.02288,0.02287644,0.02260356,TP,0.616,0.154697,0.030000,0.366,WIN
2026-09-06T17:36:41.758232+00:00,2026-09-06T20:22:17.391510+00:00,VET/USDT:USDT,SHORT,canasta,30.00,0.007026,0.007069,0.006983844,0.007068156,SL,-0.612,-0.213604,0.030000,0.436,LOSS
2026-09-06T19:51:00.454338+00:00,2026-09-06T20:24:04.382297+00:00,BICO/USDT:USDT,LONG,canasta,30.00,0.02274,0.02288,0.02287644,0.02260356,TP,0.616,0.154697,0.030000,0.366,WIN
2026-09-06T18:52:49.020012+00:00,2026-09-06T20:27:13.885971+00:00,ONE/USDT:USDT,LONG,canasta,30.00,0.0007429,0.0007474,0.0007473574,0.0007384426,TP,0.606,0.151720,0.030000,0.365,WIN
2026-09-06T19:06:58.538613+00:00,2026-09-06T20:35:29.426251+00:00,EDEN/USDT:USDT,SHORT,canasta,30.00,0.05643,0.05679,0.05609142,0.05676858,SL,-0.638,-0.221388,0.030000,0.426,LOSS
2026-09-06T19:08:40.512017+00:00,2026-09-06T21:11:40.493361+00:00,TWT/USDT:USDT,SHORT,canasta,30.00,0.5835,0.5874,0.579999,0.587001,SL,-0.668,-0.230514,0.030000,0.470,LOSS
2026-09-06T20:35:34.460545+00:00,2026-09-06T21:13:29.730614+00:00,AR/USDT:USDT,SHORT,canasta,30.00,3.002,3.021,2.983988,3.020012,SL,-0.633,-0.219873,0.030000,0.443,LOSS
2026-09-06T21:15:43.609985+00:00,2026-09-06T21:35:34.161563+00:00,EGLD/USDT:USDT,SHORT,canasta,30.00,4.519,4.491,4.491886,4.546114,TP,0.620,0.155882,0.030000,0.423,WIN
2026-09-06T21:31:06.235051+00:00,2026-09-06T21:38:11.171174+00:00,RIVER/USDT:USDT,LONG,canasta,30.00,1.287,1.295,1.294722,1.279278,TP,0.622,0.156480,0.030000,0.419,WIN
2026-09-06T19:38:26.028911+00:00,2026-09-06T21:46:33.271942+00:00,LA/USDT:USDT,SHORT,canasta,30.00,0.06789,0.06831,0.06748266,0.06829734,SL,-0.619,-0.215594,0.030000,0.434,LOSS
2026-09-06T20:22:28.013687+00:00,2026-09-06T21:55:50.743315+00:00,MINA/USDT:USDT,SHORT,canasta,30.00,0.07662,0.07606,0.07616028,0.07707972,TP,0.731,0.189264,0.030000,0.548,WIN
2026-09-06T21:57:33.728300+00:00,2026-09-06T22:10:24.747412+00:00,RIVER/USDT:USDT,LONG,canasta,30.00,1.285,1.277,1.29271,1.27729,SL,-0.623,-0.216770,0.030000,0.432,LOSS
2026-09-06T21:46:43.460339+00:00,2026-09-06T22:10:41.657296+00:00,TST/USDT:USDT,SHORT,canasta,30.00,0.01769,0.01756,0.01758386,0.01779614,TP,0.735,0.190464,0.030000,0.437,WIN
2026-09-06T22:10:43.375524+00:00,2026-09-06T22:10:46.195269+00:00,ROSE/USDT:USDT,SHORT,canasta,30.00,0.007303,0.007237,0.007259182,0.007346818,TP,0.904,0.241121,0.030000,0.450,WIN
2026-09-06T22:10:59.806676+00:00,2026-09-06T22:11:02.559909+00:00,ROSE/USDT:USDT,SHORT,canasta,30.00,0.007303,0.007242,0.007259182,0.007346818,TP,0.835,0.220582,0.030000,0.450,WIN
2026-09-06T22:11:16.296912+00:00,2026-09-06T22:11:19.022408+00:00,ROSE/USDT:USDT,SHORT,canasta,30.00,0.007303,0.007237,0.007259182,0.007346818,TP,0.904,0.241121,0.030000,0.450,WIN
2026-09-06T22:11:32.528491+00:00,2026-09-06T22:11:35.805655+00:00,PYTH/USDT:USDT,SHORT,canasta,30.00,0.05579,0.05521,0.05545526,0.05612474,TP,1.040,0.281884,0.030000,0.453,WIN
2026-09-06T21:14:05.152944+00:00,2026-09-06T22:13:20.942513+00:00,SOMI/USDT:USDT,SHORT,canasta,30.00,0.1325,0.1317,0.131705,0.133295,TP,0.604,0.151132,0.030000,0.460,WIN
2026-09-06T21:56:04.383118+00:00,2026-09-06T22:20:44.152933+00:00,SYRUP/USDT:USDT,SHORT,canasta,30.00,0.22192,0.22031,0.22058848,0.22325152,TP,0.725,0.187646,0.030000,0.487,WIN
2026-09-06T22:13:21.967824+00:00,2026-09-06T22:31:04.313772+00:00,XMR/USDT:USDT,SHORT,canasta,30.00,539.43,543.73,536.19342,542.66658,SL,-0.797,-0.269141,0.030000,0.493,LOSS
2026-09-06T23:16:43.149312+00:00,2026-09-06T23:16:43.577887+00:00,SOMI/USDT:USDT,SHORT,canasta,36.55,0.1333,0.132,0.1325002,0.1340998,TP,0.975,0.319902,0.036550,0.447,WIN
2026-09-06T23:16:43.932135+00:00,2026-09-06T23:16:47.522976+00:00,SOMI/USDT:USDT,SHORT,canasta,36.55,0.1333,0.132,0.1325002,0.1340998,TP,0.975,0.319902,0.036550,0.447,WIN
2026-09-06T23:16:59.866856+00:00,2026-09-06T23:17:01.913028+00:00,SOMI/USDT:USDT,SHORT,canasta,36.55,0.1333,0.132,0.1325002,0.1340998,TP,0.975,0.319902,0.036550,0.447,WIN
2026-09-06T23:17:15.794768+00:00,2026-09-06T23:17:19.820562+00:00,SOMI/USDT:USDT,SHORT,canasta,36.55,0.1333,0.1321,0.1325002,0.1340998,TP,0.900,0.292482,0.036550,0.447,WIN
2026-09-06T23:17:31.796999+00:00,2026-09-06T23:17:34.410207+00:00,SOMI/USDT:USDT,SHORT,canasta,36.55,0.1333,0.1325,0.1325002,0.1340998,TP,0.600,0.182805,0.036550,0.447,WIN
2026-09-06T23:19:39.238815+00:00,2026-09-06T23:19:40.917800+00:00,SYRUP/USDT:USDT,SHORT,canasta,37.17,0.2223,0.22366,0.2209662,0.2236338,SL,-0.612,-0.264571,0.037170,0.503,LOSS
2026-09-06T23:16:43.149281+00:00,2026-09-06T23:28:58.086131+00:00,LA/USDT:USDT,SHORT,canasta,36.64,0.06868,0.06912,0.06826792,0.06909208,SL,-0.641,-0.271375,0.036640,0.447,LOSS
2026-09-06T23:16:43.149084+00:00,2026-09-06T23:32:51.067022+00:00,SIGN/USDT:USDT,SHORT,canasta,36.72,0.010799,0.010718,0.010734206,0.010863794,TP,0.750,0.238706,0.036720,0.576,WIN
2026-09-06T23:16:43.149365+00:00,2026-09-06T23:35:16.280567+00:00,ETHFI/USDT:USDT,SHORT,canasta,34.12,0.5708,0.5744,0.5673752,0.5742248,SL,-0.631,-0.249313,0.034120,0.416,LOSS
2026-09-06T23:31:59.342667+00:00,2026-09-06T23:35:28.391992+00:00,METIS/USDT:USDT,SHORT,canasta,35.79,3.606,3.628,3.584364,3.627636,SL,-0.610,-0.254143,0.035790,0.439,LOSS
2026-09-06T23:34:59.617998+00:00,2026-09-06T23:46:42.171134+00:00,AR/USDT:USDT,SHORT,canasta,36.87,3.008,3.028,2.989952,3.026048,SL,-0.665,-0.282016,0.036870,0.443,LOSS
2026-09-06T23:34:43.261956+00:00,2026-09-06T23:49:35.787828+00:00,MSTR/USDT:USDT,SHORT,canasta,35.24,145.57,146.46,144.69658,146.44342,SL,-0.611,-0.250694,0.035240,0.449,LOSS
2026-09-06T23:16:43.148906+00:00,2026-09-06T23:56:09.289863+00:00,CAKE/USDT:USDT,SHORT,canasta,36.83,2.2152,2.2324,2.2019088,2.2284912,SL,-0.776,-0.322798,0.036830,0.436,LOSS
2026-09-06T23:56:13.391179+00:00,2026-09-06T23:56:20.163964+00:00,CATI/USDT:USDT,SHORT,canasta,34.59,0.0559,0.05556,0.0555646,0.0562354,TP,0.608,0.175796,0.034590,0.428,WIN
2026-09-06T23:38:12.323041+00:00,2026-09-06T23:57:11.997345+00:00,PYTH/USDT:USDT,SHORT,canasta,36.16,0.05638,0.05603,0.05604172,0.05671828,TP,0.621,0.188317,0.036160,0.456,WIN
2026-09-06T23:56:24.307586+00:00,2026-09-06T23:57:44.912675+00:00,CATI/USDT:USDT,SHORT,canasta,34.59,0.0559,0.05555,0.0555646,0.0562354,TP,0.626,0.181984,0.034590,0.428,WIN
2026-09-06T23:36:52.949849+00:00,2026-09-07T00:00:28.171435+00:00,XMR/USDT:USDT,SHORT,canasta,34.99,542.9,539.5,539.6426,546.1574,TP,0.626,0.184141,0.034990,0.493,WIN
2026-09-06T23:48:36.100915+00:00,2026-09-07T00:04:26.877404+00:00,ONG/USDT:USDT,SHORT,canasta,37.12,0.09338,0.09277,0.09281972,0.09394028,TP,0.653,0.205364,0.037120,0.457,WIN
2026-09-06T23:16:43.149348+00:00,2026-09-07T00:11:10.719493+00:00,HOOD/USDT:USDT,SHORT,canasta,35.69,126.22,127.26,125.46268,126.97732,SL,-0.824,-0.329761,0.035690,0.439,LOSS
2026-09-06T23:30:34.477822+00:00,2026-09-07T00:18:23.214467+00:00,TWT/USDT:USDT,SHORT,canasta,35.02,0.5878,0.5842,0.5842732,0.5913268,TP,0.612,0.179461,0.035020,0.465,WIN
2026-09-06T23:26:32.367919+00:00,2026-09-07T00:26:56.074118+00:00,NIL/USDT:USDT,SHORT,canasta,34.00,0.05233,0.05268,0.05201602,0.05264398,SL,-0.669,-0.261403,0.034000,0.457,LOSS
2026-09-06T23:18:35.827136+00:00,2026-09-07T00:29:34.467304+00:00,RIVER/USDT:USDT,LONG,canasta,31.44,1.285,1.293,1.29271,1.27729,TP,0.623,0.164295,0.031440,0.432,WIN
2026-09-07T00:33:34.919798+00:00,2026-09-07T00:36:08.102525+00:00,BMT/USDT:USDT,SHORT,canasta,37.06,0.01745,0.01756,0.0173453,0.0175547,SL,-0.630,-0.270676,0.037060,0.491,LOSS
2026-09-07T00:36:12.490416+00:00,2026-09-07T00:48:43.821861+00:00,TRUMP/USDT:USDT,SHORT,canasta,37.48,2.326,2.312,2.312044,2.339956,TP,0.602,0.188109,0.037480,0.548,WIN
2026-09-07T00:34:06.111886+00:00,2026-09-07T00:50:13.660119+00:00,MOVR/USDT:USDT,LONG,canasta,32.68,0.8326,0.8386,0.8375956,0.8276044,TP,0.721,0.202823,0.032680,0.463,WIN
2026-09-06T23:49:39.986495+00:00,2026-09-07T00:53:25.418396+00:00,SOMI/USDT:USDT,SHORT,canasta,36.28,0.1335,0.1344,0.132699,0.134301,SL,-0.674,-0.280864,0.036280,0.427,LOSS
2026-09-06T23:35:48.939916+00:00,2026-09-07T00:54:26.074317+00:00,ROSE/USDT:USDT,SHORT,canasta,35.80,0.007298,0.007253,0.007254212,0.007341788,TP,0.617,0.184945,0.035800,0.450,WIN
2026-09-07T00:34:37.442942+00:00,2026-09-07T00:54:40.813938+00:00,NEIRO/USDT:USDT,SHORT,canasta,36.08,9.008e-05,8.95e-05,8.953952e-05,9.062048e-05,TP,0.644,0.196229,0.036080,0.493,WIN
2026-09-07T00:33:34.919776+00:00,2026-09-07T01:07:40.820760+00:00,ONE/USDT:USDT,LONG,canasta,33.13,0.0007516,0.000747,0.0007561096,0.0007470904,SL,-0.612,-0.235895,0.033130,0.462,LOSS
2026-09-06T23:16:43.149330+00:00,2026-09-07T01:09:19.154069+00:00,CRCL/USDT:USDT,SHORT,canasta,36.25,105.27,104.63,104.63838,105.90162,TP,0.608,0.184136,0.036250,0.463,WIN
2026-09-07T00:21:02.020809+00:00,2026-09-07T01:09:22.858374+00:00,SOL/USDT:USDT,SHORT,canasta,35.72,106.27,105.57,105.63238,106.90762,TP,0.659,0.199567,0.035720,0.479,WIN
2026-09-07T01:06:23.378470+00:00,2026-09-07T01:09:34.414690+00:00,MORPHO/USDT:USDT,SHORT,canasta,35.29,2.5667,2.5508,2.5512998,2.5821002,TP,0.619,0.183322,0.035290,0.480,WIN
2026-09-07T01:07:41.823510+00:00,2026-09-07T01:15:50.642797+00:00,1000PEPE/USDT:USDT,SHORT,canasta,35.60,0.0036467,0.003624,0.0036248198,0.0036685802,TP,0.622,0.186003,0.035600,0.497,WIN
2026-09-07T01:07:26.161180+00:00,2026-09-07T01:16:00.086848+00:00,XRP/USDT:USDT,SHORT,canasta,35.71,1.4164,1.4078,1.4079016,1.4248984,TP,0.607,0.181112,0.035710,0.507,WIN
2026-09-07T01:06:23.377169+00:00,2026-09-07T01:16:35.750432+00:00,MON/USDT:USDT,SHORT,canasta,35.58,0.02707,0.02689,0.02690758,0.02723242,TP,0.665,0.201007,0.035580,0.492,WIN
2026-09-07T00:35:56.172464+00:00,2026-09-07T02:36:25.534424+00:00,VVV/USDT:USDT,SHORT,canasta,36.00,17.006,17.112,16.903964,17.108036,SL,-0.623,-0.260391,0.036000,0.558,LOSS
2026-09-07T01:07:41.823481+00:00,2026-09-07T02:42:39.530205+00:00,ETH/USDT:USDT,SHORT,canasta,37.29,2511,2529.86,2495.934,2526.066,SL,-0.751,-0.317373,0.037290,0.635,LOSS
2026-09-07T11:25:32.010474+00:00,2026-09-07T11:25:32.495704+00:00,AIA/USDT:USDT,SHORT,canasta,35.94,0.09017,0.08909,0.08962898,0.09071102,TP,1.198,0.394527,0.035940,0.483,WIN
2026-09-07T11:25:32.017374+00:00,2026-09-07T11:25:32.823261+00:00,TWT/USDT:USDT,SHORT,canasta,33.79,0.5886,0.5825,0.5850684,0.5921316,TP,1.036,0.316395,0.033790,0.455,WIN
2026-09-07T11:25:35.118082+00:00,2026-09-07T11:25:36.150659+00:00,AIA/USDT:USDT,SHORT,canasta,35.94,0.09017,0.089,0.08962898,0.09071102,TP,1.298,0.430399,0.035940,0.483,WIN
2026-09-07T11:25:35.118109+00:00,2026-09-07T11:25:36.253509+00:00,TWT/USDT:USDT,SHORT,canasta,33.79,0.5886,0.5825,0.5850684,0.5921316,TP,1.036,0.316395,0.033790,0.455,WIN
2026-09-07T11:25:48.334044+00:00,2026-09-07T11:25:49.112092+00:00,AIA/USDT:USDT,SHORT,canasta,35.94,0.09017,0.08905,0.08962898,0.09071102,TP,1.242,0.410470,0.035940,0.483,WIN
2026-09-07T11:25:48.334121+00:00,2026-09-07T11:25:49.220751+00:00,TWT/USDT:USDT,SHORT,canasta,33.79,0.5886,0.5826,0.5850684,0.5921316,TP,1.019,0.310654,0.033790,0.455,WIN
2026-09-07T11:26:04.063418+00:00,2026-09-07T11:26:05.283199+00:00,AIA/USDT:USDT,SHORT,canasta,35.94,0.09017,0.08905,0.08962898,0.09071102,TP,1.242,0.410470,0.035940,0.483,WIN
2026-09-07T11:26:04.063498+00:00,2026-09-07T11:26:05.391247+00:00,TWT/USDT:USDT,SHORT,canasta,33.79,0.5886,0.5831,0.5850684,0.5921316,TP,0.934,0.281951,0.033790,0.455,WIN
2026-09-07T11:26:19.662999+00:00,2026-09-07T11:26:21.730818+00:00,AIA/USDT:USDT,SHORT,canasta,35.94,0.09017,0.08898,0.08962898,0.09071102,TP,1.320,0.438371,0.035940,0.483,WIN
2026-09-07T11:26:19.663042+00:00,2026-09-07T11:26:21.827207+00:00,TWT/USDT:USDT,SHORT,canasta,33.79,0.5886,0.5827,0.5850684,0.5921316,TP,1.002,0.304914,0.033790,0.455,WIN
2026-09-07T11:25:32.017299+00:00,2026-09-07T11:26:28.206119+00:00,WLD/USDT:USDT,SHORT,canasta,35.35,0.4509,0.4537,0.4481946,0.4536054,SL,-0.621,-0.254867,0.035350,0.442,LOSS
2026-09-07T11:26:35.264419+00:00,2026-09-07T11:26:38.315475+00:00,AIA/USDT:USDT,SHORT,canasta,35.94,0.09017,0.08906,0.08962898,0.09071102,TP,1.231,0.406484,0.035940,0.483,WIN
2026-09-07T11:26:35.269837+00:00,2026-09-07T11:26:38.417308+00:00,TWT/USDT:USDT,SHORT,canasta,33.79,0.5886,0.5825,0.5850684,0.5921316,TP,1.036,0.316395,0.033790,0.455,WIN
2026-09-07T11:26:50.866193+00:00,2026-09-07T11:26:51.241241+00:00,AIA/USDT:USDT,SHORT,canasta,35.94,0.09017,0.08907,0.08962898,0.09071102,TP,1.220,0.402499,0.035940,0.483,WIN
2026-09-07T11:26:50.866267+00:00,2026-09-07T11:26:51.331356+00:00,TWT/USDT:USDT,SHORT,canasta,33.79,0.5886,0.5829,0.5850684,0.5921316,TP,0.968,0.293432,0.033790,0.455,WIN
2026-09-07T11:27:06.533999+00:00,2026-09-07T11:27:07.335980+00:00,AIA/USDT:USDT,SHORT,canasta,35.94,0.09017,0.08915,0.08962898,0.09071102,TP,1.131,0.370612,0.035940,0.483,WIN
2026-09-07T11:27:06.534092+00:00,2026-09-07T11:27:07.439892+00:00,TWT/USDT:USDT,SHORT,canasta,33.79,0.5886,0.5827,0.5850684,0.5921316,TP,1.002,0.304914,0.033790,0.455,WIN
2026-09-07T11:27:22.128844+00:00,2026-09-07T11:27:23.451708+00:00,AIA/USDT:USDT,SHORT,canasta,35.94,0.09017,0.08915,0.08962898,0.09071102,TP,1.131,0.370612,0.035940,0.483,WIN
2026-09-07T11:27:22.128908+00:00,2026-09-07T11:27:23.608057+00:00,TWT/USDT:USDT,SHORT,canasta,33.79,0.5886,0.5826,0.5850684,0.5921316,TP,1.019,0.310654,0.033790,0.455,WIN
2026-09-07T11:26:19.662934+00:00,2026-09-07T11:27:33.286738+00:00,ICP/USDT:USDT,SHORT,canasta,36.65,2.941,2.923,2.923354,2.958646,TP,0.612,0.187661,0.036650,0.536,WIN
2026-09-07T11:27:39.440622+00:00,2026-09-07T11:28:49.939784+00:00,ICP/USDT:USDT,SHORT,canasta,36.65,2.941,2.915,2.923354,2.958646,TP,0.884,0.287355,0.036650,0.536,WIN
2026-09-07T11:27:39.440666+00:00,2026-09-07T11:28:50.073768+00:00,AIA/USDT:USDT,SHORT,canasta,35.94,0.09017,0.08906,0.08962898,0.09071102,TP,1.231,0.406484,0.035940,0.483,WIN
2026-09-07T11:27:39.440749+00:00,2026-09-07T11:28:50.194583+00:00,TWT/USDT:USDT,SHORT,canasta,33.79,0.5886,0.5823,0.5850684,0.5921316,TP,1.070,0.327877,0.033790,0.455,WIN
2026-09-07T11:28:50.206124+00:00,2026-09-07T11:28:53.350159+00:00,ICP/USDT:USDT,SHORT,canasta,36.65,2.941,2.915,2.923354,2.958646,TP,0.884,0.287355,0.036650,0.536,WIN
2026-09-07T11:28:50.206143+00:00,2026-09-07T11:28:53.428769+00:00,AIA/USDT:USDT,SHORT,canasta,35.94,0.09017,0.08906,0.08962898,0.09071102,TP,1.231,0.406484,0.035940,0.483,WIN
2026-09-07T11:28:50.206156+00:00,2026-09-07T11:28:53.506730+00:00,TWT/USDT:USDT,SHORT,canasta,33.79,0.5886,0.5823,0.5850684,0.5921316,TP,1.070,0.327877,0.033790,0.455,WIN
2026-09-07T11:29:05.401002+00:00,2026-09-07T11:29:05.968749+00:00,ICP/USDT:USDT,SHORT,canasta,36.65,2.941,2.917,2.923354,2.958646,TP,0.816,0.262432,0.036650,0.536,WIN
2026-09-07T11:29:05.401013+00:00,2026-09-07T11:29:06.047341+00:00,AIA/USDT:USDT,SHORT,canasta,35.94,0.09017,0.089,0.08962898,0.09071102,TP,1.298,0.430399,0.035940,0.483,WIN
2026-09-07T11:29:05.401023+00:00,2026-09-07T11:29:06.131682+00:00,TWT/USDT:USDT,SHORT,canasta,33.79,0.5886,0.582,0.5850684,0.5921316,TP,1.121,0.345099,0.033790,0.455,WIN
2026-09-07T11:43:42.913208+00:00,2026-09-07T11:43:43.484179+00:00,CATI/USDT:USDT,SHORT,canasta,36.83,0.0597,0.05919,0.0593418,0.0600582,TP,0.854,0.277798,0.036830,0.507,WIN
2026-09-07T11:43:42.913436+00:00,2026-09-07T11:43:43.590437+00:00,ICP/USDT:USDT,SHORT,canasta,36.47,2.933,2.913,2.915402,2.950598,TP,0.682,0.212217,0.036470,0.524,WIN
2026-09-07T11:43:42.913483+00:00,2026-09-07T11:43:43.770554+00:00,WLD/USDT:USDT,SHORT,canasta,35.36,0.451,0.4475,0.448294,0.453706,TP,0.776,0.239052,0.035360,0.442,WIN
2026-09-07T11:43:46.410277+00:00,2026-09-07T11:43:47.340580+00:00,CATI/USDT:USDT,SHORT,canasta,36.83,0.0597,0.05918,0.0593418,0.0600582,TP,0.871,0.283967,0.036830,0.507,WIN
2026-09-07T11:43:46.410301+00:00,2026-09-07T11:43:47.452472+00:00,ICP/USDT:USDT,SHORT,canasta,36.47,2.933,2.913,2.915402,2.950598,TP,0.682,0.212217,0.036470,0.524,WIN
2026-09-07T11:43:46.410313+00:00,2026-09-07T11:43:47.556082+00:00,WLD/USDT:USDT,SHORT,canasta,35.36,0.451,0.4475,0.448294,0.453706,TP,0.776,0.239052,0.035360,0.442,WIN
2026-09-07T11:43:59.588387+00:00,2026-09-07T11:44:00.839243+00:00,ICP/USDT:USDT,SHORT,canasta,36.47,2.933,2.913,2.915402,2.950598,TP,0.682,0.212217,0.036470,0.524,WIN
2026-09-07T11:43:59.588542+00:00,2026-09-07T11:44:00.985896+00:00,WLD/USDT:USDT,SHORT,canasta,35.36,0.451,0.4472,0.448294,0.453706,TP,0.843,0.262573,0.035360,0.442,WIN
2026-09-07T11:44:15.396959+00:00,2026-09-07T11:44:17.968258+00:00,ICP/USDT:USDT,SHORT,canasta,36.47,2.933,2.912,2.915402,2.950598,TP,0.716,0.224652,0.036470,0.524,WIN
2026-09-07T11:44:15.402908+00:00,2026-09-07T11:44:18.073241+00:00,WLD/USDT:USDT,SHORT,canasta,35.36,0.451,0.4478,0.448294,0.453706,TP,0.710,0.215531,0.035360,0.442,WIN
2026-09-07T11:43:59.588161+00:00,2026-09-07T11:44:21.433930+00:00,CATI/USDT:USDT,SHORT,canasta,36.83,0.0597,0.05934,0.0593418,0.0600582,TP,0.603,0.185260,0.036830,0.507,WIN
2026-09-07T11:44:31.126533+00:00,2026-09-07T11:44:34.844508+00:00,ICP/USDT:USDT,SHORT,canasta,36.47,2.933,2.91,2.915402,2.950598,TP,0.784,0.249520,0.036470,0.524,WIN
2026-09-07T11:44:31.126569+00:00,2026-09-07T11:44:34.941234+00:00,WLD/USDT:USDT,SHORT,canasta,35.36,0.451,0.4476,0.448294,0.453706,TP,0.754,0.231212,0.035360,0.442,WIN
2026-09-07T11:44:47.004193+00:00,2026-09-07T11:44:49.571395+00:00,ICP/USDT:USDT,SHORT,canasta,36.47,2.933,2.908,2.915402,2.950598,TP,0.852,0.274389,0.036470,0.524,WIN
2026-09-07T11:44:47.004244+00:00,2026-09-07T11:44:49.663420+00:00,WLD/USDT:USDT,SHORT,canasta,35.36,0.451,0.4475,0.448294,0.453706,TP,0.776,0.239052,0.035360,0.442,WIN
2026-09-07T11:44:31.126380+00:00,2026-09-07T11:44:56.492875+00:00,CATI/USDT:USDT,SHORT,canasta,36.83,0.0597,0.05934,0.0593418,0.0600582,TP,0.603,0.185260,0.036830,0.507,WIN
2026-09-07T11:45:02.884252+00:00,2026-09-07T11:45:03.868492+00:00,ICP/USDT:USDT,SHORT,canasta,36.47,2.933,2.904,2.915402,2.950598,TP,0.989,0.324127,0.036470,0.524,WIN
2026-09-07T11:45:02.884442+00:00,2026-09-07T11:45:03.966887+00:00,WLD/USDT:USDT,SHORT,canasta,35.36,0.451,0.4477,0.448294,0.453706,TP,0.732,0.223372,0.035360,0.442,WIN
2026-09-07T11:43:42.908328+00:00,2026-09-07T11:45:20.931443+00:00,MOVR/USDT:USDT,LONG,canasta,33.39,0.8167,0.8218,0.8216002,0.8117998,TP,0.624,0.175119,0.033390,0.518,WIN
2026-09-07T11:45:18.831479+00:00,2026-09-07T11:45:21.396604+00:00,ICP/USDT:USDT,SHORT,canasta,36.47,2.933,2.908,2.915402,2.950598,TP,0.852,0.274389,0.036470,0.524,WIN
2026-09-07T11:45:18.831523+00:00,2026-09-07T11:45:21.557668+00:00,WLD/USDT:USDT,SHORT,canasta,35.36,0.451,0.4479,0.448294,0.453706,TP,0.687,0.207691,0.035360,0.442,WIN
2026-09-07T11:45:02.884061+00:00,2026-09-07T11:45:24.927937+00:00,CATI/USDT:USDT,SHORT,canasta,36.83,0.0597,0.05929,0.0593418,0.0600582,TP,0.687,0.216106,0.036830,0.507,WIN
2026-09-07T11:45:34.582906+00:00,2026-09-07T11:45:38.192963+00:00,MOVR/USDT:USDT,LONG,canasta,33.39,0.8167,0.8222,0.8216002,0.8117998,TP,0.673,0.191472,0.033390,0.518,WIN
2026-09-07T11:45:34.582956+00:00,2026-09-07T11:45:38.306268+00:00,CATI/USDT:USDT,SHORT,canasta,36.83,0.0597,0.05914,0.0593418,0.0600582,TP,0.938,0.308644,0.036830,0.507,WIN
2026-09-07T11:45:34.582979+00:00,2026-09-07T11:45:38.406203+00:00,ICP/USDT:USDT,SHORT,canasta,36.47,2.933,2.913,2.915402,2.950598,TP,0.682,0.212217,0.036470,0.524,WIN
2026-09-07T11:45:34.582999+00:00,2026-09-07T11:45:38.501422+00:00,WLD/USDT:USDT,SHORT,canasta,35.36,0.451,0.4477,0.448294,0.453706,TP,0.732,0.223372,0.035360,0.442,WIN
2026-09-07T11:46:59.542985+00:00,2026-09-07T11:47:03.363021+00:00,CATI/USDT:USDT,SHORT,canasta,36.83,0.0597,0.05913,0.0593418,0.0600582,TP,0.955,0.314813,0.036830,0.507,WIN
2026-09-07T11:46:59.543009+00:00,2026-09-07T11:47:03.474941+00:00,WLD/USDT:USDT,SHORT,canasta,35.36,0.451,0.448,0.448294,0.453706,TP,0.665,0.199851,0.035360,0.442,WIN
2026-09-07T11:47:15.802188+00:00,2026-09-07T11:47:16.840033+00:00,CATI/USDT:USDT,SHORT,canasta,36.83,0.0597,0.05923,0.0593418,0.0600582,TP,0.787,0.253121,0.036830,0.507,WIN
2026-09-07T11:47:31.244345+00:00,2026-09-07T11:47:33.922912+00:00,CATI/USDT:USDT,SHORT,canasta,36.83,0.0597,0.05918,0.0593418,0.0600582,TP,0.871,0.283967,0.036830,0.507,WIN
2026-09-07T11:47:46.744449+00:00,2026-09-07T11:47:47.541661+00:00,CATI/USDT:USDT,SHORT,canasta,36.83,0.0597,0.05914,0.0593418,0.0600582,TP,0.938,0.308644,0.036830,0.507,WIN
2026-09-07T11:44:31.126590+00:00,2026-09-07T11:49:02.795062+00:00,我踏马来了/USDT:USDT,SHORT,canasta,34.93,0.01352,0.013431,0.01343888,0.01360112,TP,0.658,0.195009,0.034930,0.490,WIN
2026-09-07T11:47:31.244144+00:00,2026-09-07T11:58:32.192579+00:00,AR/USDT:USDT,SHORT,canasta,37.26,3.002,2.983,2.983988,3.020012,TP,0.633,0.198563,0.037260,0.483,WIN
2026-09-07T11:46:59.542883+00:00,2026-09-07T11:59:58.556992+00:00,MOVR/USDT:USDT,LONG,canasta,33.39,0.8167,0.8217,0.8216002,0.8117998,TP,0.612,0.171030,0.033390,0.518,WIN
2026-09-07T11:49:37.534845+00:00,2026-09-07T12:00:44.642094+00:00,CHILLGUY/USDT:USDT,SHORT,canasta,36.58,0.015613,0.015722,0.015519322,0.015706678,SL,-0.698,-0.291958,0.036580,0.522,LOSS
2026-09-07T12:04:18.015115+00:00,2026-09-07T12:04:20.707114+00:00,PENDLE/USDT:USDT,SHORT,canasta,36.28,2.128,2.1144,2.115232,2.140768,TP,0.639,0.195585,0.036280,0.449,WIN
2026-09-07T12:04:33.884959+00:00,2026-09-07T12:04:34.905901+00:00,PENDLE/USDT:USDT,SHORT,canasta,36.28,2.128,2.1134,2.115232,2.140768,TP,0.686,0.212634,0.036280,0.449,WIN
2026-09-07T12:04:49.548094+00:00,2026-09-07T12:04:52.437867+00:00,PENDLE/USDT:USDT,SHORT,canasta,36.28,2.128,2.1149,2.115232,2.140768,TP,0.616,0.187060,0.036280,0.449,WIN
2026-09-07T11:43:42.913464+00:00,2026-09-07T12:05:02.614114+00:00,UNI/USDT:USDT,SHORT,canasta,36.43,7.048,7.005,7.005712,7.090288,TP,0.610,0.185830,0.036430,0.430,WIN
2026-09-07T12:05:52.207474+00:00,2026-09-07T12:06:21.434597+00:00,CATI/USDT:USDT,SHORT,canasta,36.83,0.05974,0.0601,0.05938156,0.06009844,SL,-0.603,-0.258772,0.036830,0.507,LOSS
2026-09-07T11:53:15.930747+00:00,2026-09-07T12:06:42.928974+00:00,LIT/USDT:USDT,SHORT,canasta,36.05,4.5024,4.5398,4.4753856,4.5294144,SL,-0.831,-0.335506,0.036050,0.445,LOSS
2026-09-07T11:57:10.202280+00:00,2026-09-07T12:07:12.034048+00:00,ZEN/USDT:USDT,SHORT,canasta,36.49,7.171,7.221,7.127974,7.214026,SL,-0.697,-0.290918,0.036490,0.441,LOSS
2026-09-07T12:06:24.533130+00:00,2026-09-07T12:08:20.342031+00:00,MINA/USDT:USDT,SHORT,canasta,37.49,0.0815,0.08097,0.081011,0.081989,TP,0.650,0.206310,0.037490,0.460,WIN
2026-09-07T12:08:32.326976+00:00,2026-09-07T12:08:34.267556+00:00,MINA/USDT:USDT,SHORT,canasta,37.49,0.0815,0.08097,0.081011,0.081989,TP,0.650,0.206310,0.037490,0.460,WIN
2026-09-07T12:05:04.978605+00:00,2026-09-07T12:09:54.503440+00:00,PENDLE/USDT:USDT,SHORT,canasta,36.28,2.128,2.115,2.115232,2.140768,TP,0.611,0.185355,0.036280,0.449,WIN
2026-09-07T12:06:56.857302+00:00,2026-09-07T12:10:35.584301+00:00,KAVA/USDT:USDT,SHORT,canasta,37.20,0.05628,0.05663,0.05594232,0.05661768,SL,-0.622,-0.268543,0.037200,0.592,LOSS
2026-09-07T12:15:18.008416+00:00,2026-09-07T12:15:26.708685+00:00,LUNA2/USDT:USDT,SHORT,canasta,36.49,0.05373,0.05333,0.05340762,0.05405238,TP,0.744,0.235165,0.036490,0.454,WIN
2026-09-07T12:15:45.852138+00:00,2026-09-07T12:15:49.489085+00:00,LUNA2/USDT:USDT,SHORT,canasta,36.49,0.05373,0.05323,0.05340762,0.05405238,TP,0.931,0.303078,0.036490,0.454,WIN
2026-09-07T12:16:02.001526+00:00,2026-09-07T12:16:03.405555+00:00,LUNA2/USDT:USDT,SHORT,canasta,36.49,0.05373,0.05265,0.05340762,0.05405238,TP,2.010,0.696977,0.036490,0.454,WIN
2026-09-07T12:16:17.504676+00:00,2026-09-07T12:16:21.183977+00:00,LUNA2/USDT:USDT,SHORT,canasta,36.49,0.05373,0.05287,0.05340762,0.05405238,TP,1.601,0.547567,0.036490,0.454,WIN
2026-09-07T12:16:33.243205+00:00,2026-09-07T12:16:35.021565+00:00,LUNA2/USDT:USDT,SHORT,canasta,36.49,0.05373,0.05321,0.05340762,0.05405238,TP,0.968,0.316661,0.036490,0.454,WIN
2026-09-07T12:16:48.848243+00:00,2026-09-07T12:17:27.407271+00:00,LUNA2/USDT:USDT,SHORT,canasta,36.49,0.05373,0.05321,0.05340762,0.05405238,TP,0.968,0.316661,0.036490,0.454,WIN
2026-09-07T12:15:02.498374+00:00,2026-09-07T12:19:49.010111+00:00,EGLD/USDT:USDT,SHORT,canasta,36.73,4.572,4.6,4.544568,4.599432,SL,-0.612,-0.261673,0.036730,0.493,LOSS
2026-09-07T12:19:56.774634+00:00,2026-09-07T12:21:47.150973+00:00,FLOCK/USDT:USDT,SHORT,canasta,37.68,0.06864,0.06822,0.06822816,0.06905184,TP,0.612,0.192879,0.037680,0.443,WIN
2026-09-07T12:21:47.205866+00:00,2026-09-07T12:21:57.766109+00:00,FLOCK/USDT:USDT,SHORT,canasta,37.68,0.06864,0.06818,0.06822816,0.06905184,TP,0.670,0.214837,0.037680,0.443,WIN
2026-09-07T12:22:04.304883+00:00,2026-09-07T12:22:11.663025+00:00,FLOCK/USDT:USDT,SHORT,canasta,37.68,0.06864,0.06815,0.06822816,0.06905184,TP,0.714,0.231306,0.037680,0.443,WIN
2026-09-07T12:22:19.994978+00:00,2026-09-07T12:22:22.295010+00:00,FLOCK/USDT:USDT,SHORT,canasta,37.68,0.06864,0.0682,0.06822816,0.06905184,TP,0.641,0.203858,0.037680,0.443,WIN
2026-09-07T12:22:35.513466+00:00,2026-09-07T12:22:39.425434+00:00,FLOCK/USDT:USDT,SHORT,canasta,37.68,0.06864,0.06822,0.06822816,0.06905184,TP,0.612,0.192879,0.037680,0.443,WIN
2026-09-07T12:22:51.028167+00:00,2026-09-07T12:22:53.225987+00:00,FLOCK/USDT:USDT,SHORT,canasta,37.68,0.06864,0.06815,0.06822816,0.06905184,TP,0.714,0.231306,0.037680,0.443,WIN
2026-09-07T12:01:43.094063+00:00,2026-09-07T12:26:51.292746+00:00,STX/USDT:USDT,SHORT,canasta,37.14,0.2773,0.279,0.2756362,0.2789638,SL,-0.613,-0.264828,0.037140,0.440,LOSS
2026-09-07T12:27:09.961384+00:00,2026-09-07T12:27:22.109257+00:00,FLOCK/USDT:USDT,SHORT,canasta,37.69,0.06877,0.06835,0.06835738,0.06918262,TP,0.611,0.192495,0.037690,0.443,WIN
2026-09-07T12:27:26.299856+00:00,2026-09-07T12:27:36.779086+00:00,FLOCK/USDT:USDT,SHORT,canasta,37.69,0.06877,0.06828,0.06835738,0.06918262,TP,0.713,0.230859,0.037690,0.443,WIN
2026-09-07T12:27:42.443326+00:00,2026-09-07T12:27:43.856346+00:00,FLOCK/USDT:USDT,SHORT,canasta,37.69,0.06877,0.06831,0.06835738,0.06918262,TP,0.669,0.214417,0.037690,0.443,WIN
2026-09-07T12:27:58.530894+00:00,2026-09-07T12:28:01.371404+00:00,FLOCK/USDT:USDT,SHORT,canasta,37.69,0.06877,0.06833,0.06835738,0.06918262,TP,0.640,0.203456,0.037690,0.443,WIN
2026-09-07T12:10:55.523991+00:00,2026-09-07T12:33:19.405134+00:00,CHILLGUY/USDT:USDT,SHORT,canasta,35.99,0.016,0.015594,0.015904,0.016096,TP,2.538,0.877256,0.035990,0.467,WIN
2026-09-07T12:05:36.121063+00:00,2026-09-07T12:33:41.271286+00:00,EDEN/USDT:USDT,SHORT,canasta,35.31,0.0553,0.05564,0.0549682,0.0556318,SL,-0.615,-0.252406,0.035310,0.446,LOSS
2026-09-07T12:33:23.727633+00:00,2026-09-07T12:36:33.578809+00:00,NIGHT/USDT:USDT,SHORT,canasta,35.95,0.02361,0.02376,0.02346834,0.02375166,SL,-0.635,-0.264349,0.035950,0.439,LOSS
2026-09-07T12:26:54.093930+00:00,2026-09-07T12:42:26.839559+00:00,BMT/USDT:USDT,SHORT,canasta,37.11,0.01749,0.0176,0.01738506,0.01759494,SL,-0.629,-0.270506,0.037110,0.493,LOSS
2026-09-07T12:41:58.648183+00:00,2026-09-07T12:44:36.494672+00:00,PENDLE/USDT:USDT,SHORT,canasta,36.13,2.1495,2.1356,2.136603,2.162397,TP,0.647,0.197509,0.036130,0.434,WIN
2026-09-07T12:44:41.606329+00:00,2026-09-07T12:44:44.953857+00:00,PENDLE/USDT:USDT,SHORT,canasta,36.13,2.1495,2.1351,2.136603,2.162397,TP,0.670,0.205913,0.036130,0.434,WIN
2026-09-07T12:44:52.214970+00:00,2026-09-07T12:44:55.376669+00:00,PENDLE/USDT:USDT,SHORT,canasta,36.13,2.1495,2.1348,2.136603,2.162397,TP,0.684,0.210956,0.036130,0.434,WIN
2026-09-07T12:45:08.402090+00:00,2026-09-07T12:45:11.240966+00:00,PENDLE/USDT:USDT,SHORT,canasta,36.13,2.1495,2.1348,2.136603,2.162397,TP,0.684,0.210956,0.036130,0.434,WIN
2026-09-07T12:45:23.722156+00:00,2026-09-07T12:45:23.972876+00:00,PENDLE/USDT:USDT,SHORT,canasta,36.13,2.1495,2.1326,2.136603,2.162397,TP,0.786,0.247935,0.036130,0.434,WIN
2026-09-07T12:45:39.018281+00:00,2026-09-07T12:45:39.947672+00:00,PENDLE/USDT:USDT,SHORT,canasta,36.13,2.1495,2.1343,2.136603,2.162397,TP,0.707,0.219360,0.036130,0.434,WIN
2026-09-07T12:45:54.411857+00:00,2026-09-07T12:45:56.564296+00:00,PENDLE/USDT:USDT,SHORT,canasta,36.13,2.1495,2.1348,2.136603,2.162397,TP,0.684,0.210956,0.036130,0.434,WIN
2026-09-07T12:47:22.218136+00:00,2026-09-07T12:47:54.273610+00:00,我踏马来了/USDT:USDT,SHORT,canasta,35.26,0.013639,0.01355,0.013557166,0.013720834,TP,0.653,0.194826,0.035260,0.509,WIN
2026-09-07T12:47:54.728082+00:00,2026-09-07T12:47:57.787786+00:00,我踏马来了/USDT:USDT,SHORT,canasta,35.26,0.013639,0.01355,0.013557166,0.013720834,TP,0.653,0.194826,0.035260,0.509,WIN
2026-09-07T12:48:10.984991+00:00,2026-09-07T12:59:04.813527+00:00,我踏马来了/USDT:USDT,SHORT,canasta,35.26,0.013639,0.013557,0.013557166,0.013720834,TP,0.601,0.176729,0.035260,0.509,WIN
2026-09-07T12:45:39.018134+00:00,2026-09-07T13:10:35.392804+00:00,CAKE/USDT:USDT,SHORT,canasta,39.67,2.3422,2.3276,2.3281468,2.3562532,TP,0.623,0.207611,0.039670,0.641,WIN
2026-09-07T13:09:36.739566+00:00,2026-09-07T13:12:22.843241+00:00,WIF/USDT:USDT,SHORT,canasta,36.29,0.2237,0.2223,0.2223578,0.2250422,TP,0.626,0.190827,0.036290,0.450,WIN
2026-09-07T13:17:14.851074+00:00,2026-09-07T13:17:17.525919+00:00,KAS/USDT:USDT,SHORT,canasta,36.64,0.03667,0.03642,0.03644998,0.03689002,TP,0.682,0.213155,0.036640,0.545,WIN
2026-09-07T13:17:53.512817+00:00,2026-09-07T13:19:35.703640+00:00,KAS/USDT:USDT,SHORT,canasta,36.64,0.03667,0.03638,0.03644998,0.03689002,TP,0.791,0.253123,0.036640,0.545,WIN
2026-09-07T13:19:36.985463+00:00,2026-09-07T13:19:39.824141+00:00,KAS/USDT:USDT,SHORT,canasta,36.64,0.03667,0.03641,0.03644998,0.03689002,TP,0.709,0.223147,0.036640,0.545,WIN
2026-09-07T13:19:50.820917+00:00,2026-09-07T13:19:54.836595+00:00,KAS/USDT:USDT,SHORT,canasta,36.64,0.03667,0.03643,0.03644998,0.03689002,TP,0.654,0.203164,0.036640,0.545,WIN
2026-09-07T13:20:06.662315+00:00,2026-09-07T13:20:10.091517+00:00,KAS/USDT:USDT,SHORT,canasta,36.64,0.03667,0.03643,0.03644998,0.03689002,TP,0.654,0.203164,0.036640,0.545,WIN
2026-09-07T13:05:52.045425+00:00,2026-09-07T13:20:20.786019+00:00,ICP/USDT:USDT,SHORT,canasta,35.98,2.967,2.985,2.949198,2.984802,SL,-0.607,-0.254261,0.035980,0.485,LOSS
2026-09-07T13:20:22.335892+00:00,2026-09-07T13:20:24.731667+00:00,KAS/USDT:USDT,SHORT,canasta,36.64,0.03667,0.03641,0.03644998,0.03689002,TP,0.709,0.223147,0.036640,0.545,WIN
2026-09-07T13:20:38.052700+00:00,2026-09-07T13:20:39.178116+00:00,KAS/USDT:USDT,SHORT,canasta,36.64,0.03667,0.03643,0.03644998,0.03689002,TP,0.654,0.203164,0.036640,0.545,WIN
2026-09-07T13:22:47.190350+00:00,2026-09-07T13:28:16.136392+00:00,我踏马来了/USDT:USDT,SHORT,canasta,35.26,0.01364,0.013522,0.01355816,0.01372184,TP,0.865,0.269775,0.035260,0.509,WIN
2026-09-07T13:28:51.203045+00:00,2026-09-07T13:28:55.085240+00:00,我踏马来了/USDT:USDT,SHORT,canasta,35.26,0.01364,0.013502,0.01355816,0.01372184,TP,1.012,0.321476,0.035260,0.509,WIN
2026-09-07T13:28:05.915266+00:00,2026-09-07T13:29:02.892878+00:00,KAVA/USDT:USDT,SHORT,canasta,37.77,0.05798,0.05762,0.05763212,0.05832788,TP,0.621,0.196745,0.037770,0.621,WIN
2026-09-07T13:29:07.211939+00:00,2026-09-07T13:29:10.799751+00:00,我踏马来了/USDT:USDT,SHORT,canasta,35.26,0.01364,0.01353,0.01355816,0.01372184,TP,0.806,0.249095,0.035260,0.509,WIN
2026-09-07T13:29:07.211877+00:00,2026-09-07T13:29:18.831812+00:00,KAVA/USDT:USDT,SHORT,canasta,37.77,0.05798,0.05757,0.05763212,0.05832788,TP,0.707,0.229317,0.037770,0.621,WIN
2026-09-07T13:29:23.715327+00:00,2026-09-07T13:29:26.761962+00:00,KAVA/USDT:USDT,SHORT,canasta,37.77,0.05798,0.05758,0.05763212,0.05832788,TP,0.690,0.222803,0.037770,0.621,WIN
2026-09-07T13:29:23.715386+00:00,2026-09-07T13:29:26.839180+00:00,我踏马来了/USDT:USDT,SHORT,canasta,35.26,0.01364,0.013508,0.01355816,0.01372184,TP,0.968,0.305966,0.035260,0.509,WIN
2026-09-07T13:29:39.591519+00:00,2026-09-07T13:29:42.191495+00:00,KAVA/USDT:USDT,SHORT,canasta,37.77,0.05798,0.05751,0.05763212,0.05832788,TP,0.811,0.268403,0.037770,0.621,WIN
2026-09-07T13:29:39.591570+00:00,2026-09-07T13:29:42.272042+00:00,我踏马来了/USDT:USDT,SHORT,canasta,35.26,0.01364,0.013523,0.01355816,0.01372184,TP,0.858,0.267190,0.035260,0.509,WIN
2026-09-07T13:10:55.036900+00:00,2026-09-07T13:33:23.124292+00:00,LDO/USDT:USDT,SHORT,canasta,36.30,0.4144,0.4118,0.4119136,0.4168864,TP,0.627,0.191451,0.036300,0.474,WIN
2026-09-07T13:16:27.122893+00:00,2026-09-07T13:33:32.411134+00:00,PYTH/USDT:USDT,SHORT,canasta,35.85,0.05643,0.05605,0.05609142,0.05676858,TP,0.673,0.205564,0.035850,0.447,WIN
2026-09-07T13:22:00.038579+00:00,2026-09-07T13:33:36.234996+00:00,RIVER/USDT:USDT,LONG,canasta,31.20,1.259,1.251,1.266554,1.251446,SL,-0.635,-0.229453,0.031200,0.403,LOSS
2026-09-07T13:06:22.988097+00:00,2026-09-07T13:34:55.286833+00:00,SYRUP/USDT:USDT,SHORT,canasta,36.47,0.22195,0.22052,0.2206183,0.2232817,TP,0.644,0.198502,0.036470,0.478,WIN
2026-09-07T13:29:55.798502+00:00,2026-09-07T13:35:03.049637+00:00,STX/USDT:USDT,SHORT,canasta,37.56,0.2857,0.2839,0.2839858,0.2874142,TP,0.630,0.199080,0.037560,0.459,WIN
2026-09-07T13:25:41.251695+00:00,2026-09-07T13:39:26.532213+00:00,CATI/USDT:USDT,SHORT,canasta,36.69,0.06296,0.06341,0.06258224,0.06333776,SL,-0.715,-0.298928,0.036690,0.477,LOSS
2026-09-07T12:46:34.039407+00:00,2026-09-07T13:41:43.111907+00:00,POL/USDT:USDT,SHORT,canasta,35.82,0.09666,0.09602,0.09608004,0.09723996,TP,0.662,0.201349,0.035820,0.452,WIN
2026-09-07T11:43:42.913501+00:00,2026-09-07T13:41:53.950941+00:00,XMR/USDT:USDT,SHORT,canasta,35.33,536.65,533.27,533.4301,539.8699,TP,0.630,0.187190,0.035330,0.511,WIN
2026-09-07T12:18:51.700685+00:00,2026-09-07T13:55:12.740122+00:00,ACE/USDT:USDT,SHORT,canasta,35.09,0.16798,0.16906,0.16697212,0.16898788,SL,-0.643,-0.260695,0.035090,0.463,LOSS
2026-09-07T13:55:17.960956+00:00,2026-09-07T13:55:54.443788+00:00,DOT/USDT:USDT,SHORT,canasta,35.60,1.0482,1.0556,1.0419108,1.0544892,SL,-0.706,-0.286926,0.035600,0.453,LOSS
2026-09-07T14:00:43.734902+00:00,2026-09-07T14:05:41.542013+00:00,ROSE/USDT:USDT,SHORT,canasta,35.48,0.007194,0.007147,0.007150836,0.007237164,TP,0.653,0.196319,0.035480,0.430,WIN
2026-09-07T14:05:44.382315+00:00,2026-09-07T14:05:46.371608+00:00,ROSE/USDT:USDT,SHORT,canasta,35.48,0.007194,0.007145,0.007150836,0.007237164,TP,0.681,0.206182,0.035480,0.430,WIN
2026-09-07T14:06:00.800303+00:00,2026-09-07T14:06:32.871361+00:00,ROSE/USDT:USDT,SHORT,canasta,35.48,0.007194,0.00715,0.007150836,0.007237164,TP,0.612,0.181523,0.035480,0.430,WIN
2026-09-07T14:06:34.281636+00:00,2026-09-07T14:06:38.740494+00:00,ROSE/USDT:USDT,SHORT,canasta,35.48,0.007194,0.00715,0.007150836,0.007237164,TP,0.612,0.181523,0.035480,0.430,WIN
2026-09-07T14:06:00.800263+00:00,2026-09-07T14:11:07.317132+00:00,KAVA/USDT:USDT,SHORT,canasta,37.64,0.05877,0.05841,0.05841738,0.05912262,TP,0.613,0.192927,0.037640,0.607,WIN
2026-09-07T14:11:11.023200+00:00,2026-09-07T14:11:13.064218+00:00,KAVA/USDT:USDT,SHORT,canasta,37.64,0.05877,0.05835,0.05841738,0.05912262,TP,0.715,0.231354,0.037640,0.607,WIN
2026-09-07T14:11:11.023249+00:00,2026-09-07T14:11:13.171129+00:00,ROSE/USDT:USDT,SHORT,canasta,35.48,0.007194,0.007069,0.007150836,0.007237164,TP,1.738,0.581006,0.035480,0.430,WIN
2026-09-07T14:11:19.394581+00:00,2026-09-07T14:11:20.618669+00:00,KAVA/USDT:USDT,SHORT,canasta,37.64,0.05877,0.05838,0.05841738,0.05912262,TP,0.664,0.212141,0.037640,0.607,WIN
2026-09-07T14:11:19.394639+00:00,2026-09-07T14:11:20.748485+00:00,ROSE/USDT:USDT,SHORT,canasta,35.48,0.007194,0.007072,0.007150836,0.007237164,TP,1.696,0.566210,0.035480,0.430,WIN
2026-09-07T14:11:35.359841+00:00,2026-09-07T14:11:39.650419+00:00,KAVA/USDT:USDT,SHORT,canasta,37.64,0.05877,0.05835,0.05841738,0.05912262,TP,0.715,0.231354,0.037640,0.607,WIN
2026-09-07T14:11:35.359997+00:00,2026-09-07T14:11:39.738264+00:00,ROSE/USDT:USDT,SHORT,canasta,35.48,0.007194,0.007086,0.007150836,0.007237164,TP,1.501,0.497164,0.035480,0.430,WIN
2026-09-07T14:11:51.184234+00:00,2026-09-07T14:11:54.361430+00:00,KAVA/USDT:USDT,SHORT,canasta,37.64,0.05877,0.05829,0.05841738,0.05912262,TP,0.817,0.269782,0.037640,0.607,WIN
2026-09-07T13:59:56.624640+00:00,2026-09-07T14:13:03.140587+00:00,BR/USDT:USDT,SHORT,canasta,36.91,0.2525,0.2548,0.250985,0.254015,SL,-0.911,-0.373120,0.036910,0.435,LOSS
2026-09-07T13:26:45.192023+00:00,2026-09-07T14:13:48.786214+00:00,EGLD/USDT:USDT,SHORT,canasta,36.51,4.685,4.645,4.65689,4.71311,TP,0.854,0.275208,0.036510,0.467,WIN
2026-09-07T13:37:39.047662+00:00,2026-09-07T14:13:59.589568+00:00,NIL/USDT:USDT,SHORT,canasta,34.37,0.05277,0.05238,0.05245338,0.05308662,TP,0.739,0.219644,0.034370,0.451,WIN
2026-09-07T13:10:55.036829+00:00,2026-09-07T14:26:19.859305+00:00,LAB/USDT:USDT,LONG,canasta,30.58,0.07035,0.07078,0.0707721,0.0699279,TP,0.611,0.156334,0.030580,0.369,WIN
2026-09-07T13:44:17.613357+00:00,2026-09-07T14:31:07.068903+00:00,NEAR/USDT:USDT,SHORT,canasta,34.97,2.375,2.36,2.36075,2.38925,TP,0.632,0.185893,0.034970,0.438,WIN
2026-09-07T14:04:56.442758+00:00,2026-09-07T14:40:33.736632+00:00,XMR/USDT:USDT,SHORT,canasta,35.22,537.83,534.42,534.60302,541.05698,TP,0.634,0.188085,0.035220,0.501,WIN
2026-09-07T14:57:47.196659+00:00,2026-09-07T15:09:34.574747+00:00,TWT/USDT:USDT,SHORT,canasta,33.29,0.5555,0.5513,0.552167,0.558833,TP,0.756,0.218408,0.033290,0.449,WIN
2026-09-07T15:25:31.752467+00:00,2026-09-07T15:25:35.359061+00:00,Q/USDT:USDT,SHORT,canasta,35.62,0.029847,0.029601,0.029667918,0.030026082,TP,0.824,0.257961,0.035620,0.444,WIN
2026-09-07T15:20:53.871721+00:00,2026-09-07T15:25:42.492277+00:00,BICO/USDT:USDT,LONG,canasta,30.97,0.02336,0.02321,0.02350016,0.02321984,SL,-0.642,-0.229836,0.030970,0.387,LOSS
2026-09-07T15:25:48.427282+00:00,2026-09-07T15:25:49.410254+00:00,Q/USDT:USDT,SHORT,canasta,35.62,0.029847,0.029601,0.029667918,0.030026082,TP,0.824,0.257961,0.035620,0.444,WIN
2026-09-07T15:27:15.408431+00:00,2026-09-07T15:27:19.153544+00:00,Q/USDT:USDT,SHORT,canasta,35.62,0.029847,0.030393,0.029667918,0.030026082,SL,-1.829,-0.687227,0.035620,0.444,LOSS
2026-09-07T15:22:25.986676+00:00,2026-09-07T15:31:22.871792+00:00,COTI/USDT:USDT,SHORT,canasta,35.08,0.016268,0.016165,0.016170392,0.016365608,TP,0.633,0.187027,0.035080,0.463,WIN
2026-09-07T13:42:55.824269+00:00,2026-09-07T15:33:33.640823+00:00,HOOD/USDT:USDT,SHORT,canasta,35.78,123.56,122.81,122.81864,124.30136,TP,0.607,0.181402,0.035780,0.452,WIN
2026-09-07T15:21:39.825142+00:00,2026-09-07T15:40:39.679545+00:00,ETH/USDT:USDT,SHORT,canasta,36.02,2483.01,2467.3,2468.1119,2497.9081,TP,0.633,0.191878,0.036020,0.539,WIN
2026-09-07T13:51:54.588061+00:00,2026-09-08T00:07:53.785621+00:00,SNDK/USDT:USDT,SHORT,canasta,34.88,1784.33,1795.14,1773.624,1795.036,SL,-0.606,-0.246193,0.034880,0.440,LOSS
2026-09-08T12:32:54.234243+00:00,2026-09-08T12:32:54.512798+00:00,FLOCK/USDT:USDT,SHORT,canasta,37.03,0.0548,0.05066,0.0544712,0.0551288,TP,7.555,2.760492,0.037030,0.448,WIN
2026-09-08T12:32:54.234277+00:00,2026-09-08T12:32:54.739817+00:00,XVG/USDT:USDT,SHORT,canasta,36.78,0.00288,0.002904,0.00286272,0.00289728,SL,-0.833,-0.343280,0.036780,0.464,LOSS
2026-09-08T12:32:54.234309+00:00,2026-09-08T12:32:54.941737+00:00,POL/USDT:USDT,SHORT,canasta,34.83,0.09589,0.0965,0.09531466,0.09646534,SL,-0.636,-0.256400,0.034830,0.454,LOSS
2026-09-08T12:32:55.001393+00:00,2026-09-08T12:32:58.704792+00:00,FLOCK/USDT:USDT,SHORT,canasta,37.03,0.0548,0.05066,0.0544712,0.0551288,TP,7.555,2.760492,0.037030,0.448,WIN
2026-09-08T12:32:54.234190+00:00,2026-09-08T12:33:01.818651+00:00,BTR/USDT:USDT,SHORT,canasta,38.05,0.05021,0.04988,0.04990874,0.05051126,TP,0.657,0.212030,0.038050,0.490,WIN
2026-09-08T12:32:54.234293+00:00,2026-09-08T12:33:12.034965+00:00,VET/USDT:USDT,SHORT,canasta,36.30,0.007798,0.007849,0.007751212,0.007844788,SL,-0.654,-0.273707,0.036300,0.456,LOSS
2026-09-08T12:33:10.668006+00:00,2026-09-08T12:33:12.156527+00:00,BTR/USDT:USDT,SHORT,canasta,38.05,0.05021,0.0499,0.04990874,0.05051126,TP,0.617,0.196873,0.038050,0.490,WIN
2026-09-08T12:33:10.668186+00:00,2026-09-08T12:33:12.243686+00:00,FLOCK/USDT:USDT,SHORT,canasta,37.03,0.0548,0.05009,0.0544712,0.0551288,TP,8.595,3.145658,0.037030,0.448,WIN
2026-09-08T12:33:26.306856+00:00,2026-09-08T12:33:28.400935+00:00,BTR/USDT:USDT,SHORT,canasta,38.05,0.05021,0.04985,0.04990874,0.05051126,TP,0.717,0.234764,0.038050,0.490,WIN
2026-09-08T12:33:26.306901+00:00,2026-09-08T12:33:28.510977+00:00,FLOCK/USDT:USDT,SHORT,canasta,37.03,0.0548,0.05133,0.0544712,0.0551288,TP,6.332,2.307753,0.037030,0.448,WIN
2026-09-08T12:33:41.872407+00:00,2026-09-08T12:33:44.525509+00:00,BTR/USDT:USDT,SHORT,canasta,38.05,0.05021,0.04967,0.04990874,0.05051126,TP,1.075,0.371171,0.038050,0.490,WIN
2026-09-08T12:33:41.872699+00:00,2026-09-08T12:33:44.621221+00:00,FLOCK/USDT:USDT,SHORT,canasta,37.03,0.0548,0.05124,0.0544712,0.0551288,TP,6.496,2.368569,0.037030,0.448,WIN
2026-09-08T12:33:57.469172+00:00,2026-09-08T12:34:00.661333+00:00,BTR/USDT:USDT,SHORT,canasta,38.05,0.05021,0.04973,0.04990874,0.05051126,TP,0.956,0.325702,0.038050,0.490,WIN
2026-09-08T12:33:57.475191+00:00,2026-09-08T12:34:00.767356+00:00,FLOCK/USDT:USDT,SHORT,canasta,37.03,0.0548,0.05098,0.0544712,0.0551288,TP,6.971,2.544258,0.037030,0.448,WIN
2026-09-08T12:34:13.186994+00:00,2026-09-08T12:34:13.642913+00:00,BTR/USDT:USDT,SHORT,canasta,38.05,0.05021,0.04963,0.04990874,0.05051126,TP,1.155,0.401484,0.038050,0.490,WIN
2026-09-08T12:34:13.187176+00:00,2026-09-08T12:34:13.736751+00:00,FLOCK/USDT:USDT,SHORT,canasta,37.03,0.0548,0.05058,0.0544712,0.0551288,TP,7.701,2.814550,0.037030,0.448,WIN
2026-09-08T12:34:28.732342+00:00,2026-09-08T12:34:29.892519+00:00,BTR/USDT:USDT,SHORT,canasta,38.05,0.05021,0.04964,0.04990874,0.05051126,TP,1.135,0.393906,0.038050,0.490,WIN
2026-09-08T12:34:28.738265+00:00,2026-09-08T12:34:29.990945+00:00,FLOCK/USDT:USDT,SHORT,canasta,37.03,0.0548,0.05058,0.0544712,0.0551288,TP,7.701,2.814550,0.037030,0.448,WIN
2026-09-08T12:34:44.382741+00:00,2026-09-08T12:34:46.063234+00:00,BTR/USDT:USDT,SHORT,canasta,38.05,0.05021,0.04963,0.04990874,0.05051126,TP,1.155,0.401484,0.038050,0.490,WIN
2026-09-08T12:34:44.382925+00:00,2026-09-08T12:34:46.155404+00:00,FLOCK/USDT:USDT,SHORT,canasta,37.03,0.0548,0.05067,0.0544712,0.0551288,TP,7.536,2.753735,0.037030,0.448,WIN
2026-09-08T12:35:15.220566+00:00,2026-09-08T12:35:18.390505+00:00,BTR/USDT:USDT,SHORT,canasta,38.05,0.05021,0.04955,0.04990874,0.05051126,TP,1.314,0.462109,0.038050,0.490,WIN
2026-09-08T12:35:15.220794+00:00,2026-09-08T12:35:18.468979+00:00,FLOCK/USDT:USDT,SHORT,canasta,37.03,0.0548,0.05104,0.0544712,0.0551288,TP,6.861,2.503715,0.037030,0.448,WIN
2026-09-08T12:35:30.470253+00:00,2026-09-08T12:35:31.156537+00:00,BTR/USDT:USDT,SHORT,canasta,38.05,0.05021,0.04946,0.04990874,0.05051126,TP,1.494,0.530313,0.038050,0.490,WIN
2026-09-08T12:35:30.470290+00:00,2026-09-08T12:35:31.237198+00:00,FLOCK/USDT:USDT,SHORT,canasta,37.03,0.0548,0.05078,0.0544712,0.0551288,TP,7.336,2.679404,0.037030,0.448,WIN
2026-09-08T12:35:45.719354+00:00,2026-09-08T12:35:47.087094+00:00,BTR/USDT:USDT,SHORT,canasta,38.05,0.05021,0.04939,0.04990874,0.05051126,TP,1.633,0.583360,0.038050,0.490,WIN
2026-09-08T12:36:01.028071+00:00,2026-09-08T12:36:03.073993+00:00,BTR/USDT:USDT,SHORT,canasta,38.05,0.05021,0.0493,0.04990874,0.05051126,TP,1.812,0.651564,0.038050,0.490,WIN
2026-09-08T12:37:52.288110+00:00,2026-09-08T12:37:53.166731+00:00,COTI/USDT:USDT,SHORT,canasta,36.19,0.017896,0.017787,0.017788624,0.018003376,TP,0.609,0.184234,0.036190,0.512,WIN
2026-09-08T12:32:54.234222+00:00,2026-09-08T12:39:39.390323+00:00,ONG/USDT:USDT,SHORT,canasta,37.82,0.09248,0.09304,0.09192512,0.09303488,SL,-0.606,-0.266834,0.037820,0.508,LOSS
2026-09-08T12:36:32.229962+00:00,2026-09-08T12:40:35.469227+00:00,HOOD/USDT:USDT,SHORT,canasta,37.13,125.51,126.32,124.75694,126.26306,SL,-0.645,-0.276755,0.037130,0.563,LOSS
2026-09-08T12:32:54.234260+00:00,2026-09-08T12:43:21.948874+00:00,ZEC/USDT:USDT,SHORT,canasta,36.91,1161.15,1153.66,1154.1831,1168.1169,TP,0.645,0.201178,0.036910,0.453,WIN
2026-09-08T13:18:13.791778+00:00,2026-09-08T13:18:14.255744+00:00,0G/USDT:USDT,SHORT,canasta,34.83,0.1996,0.1984,0.1984024,0.2007976,TP,0.601,0.174569,0.034830,0.455,WIN
2026-09-08T13:18:14.389051+00:00,2026-09-08T13:18:17.725500+00:00,0G/USDT:USDT,SHORT,canasta,34.83,0.1996,0.1984,0.1984024,0.2007976,TP,0.601,0.174569,0.034830,0.455,WIN
2026-09-08T13:18:30.353986+00:00,2026-09-08T13:18:31.560855+00:00,0G/USDT:USDT,SHORT,canasta,34.83,0.1996,0.1983,0.1984024,0.2007976,TP,0.651,0.192019,0.034830,0.455,WIN
2026-09-08T13:18:46.165032+00:00,2026-09-08T13:18:48.508511+00:00,0G/USDT:USDT,SHORT,canasta,34.83,0.1996,0.1983,0.1984024,0.2007976,TP,0.651,0.192019,0.034830,0.455,WIN
2026-09-08T13:19:02.022173+00:00,2026-09-08T13:19:05.726056+00:00,0G/USDT:USDT,SHORT,canasta,34.83,0.1996,0.1981,0.1984024,0.2007976,TP,0.752,0.226918,0.034830,0.455,WIN
2026-09-08T13:19:18.272202+00:00,2026-09-08T13:19:20.341202+00:00,0G/USDT:USDT,SHORT,canasta,34.83,0.1996,0.1982,0.1984024,0.2007976,TP,0.701,0.209469,0.034830,0.455,WIN
2026-09-08T13:19:34.318030+00:00,2026-09-08T13:19:38.366454+00:00,0G/USDT:USDT,SHORT,canasta,34.83,0.1996,0.1981,0.1984024,0.2007976,TP,0.752,0.226918,0.034830,0.455,WIN
2026-09-08T13:19:50.464175+00:00,2026-09-08T13:19:52.697853+00:00,0G/USDT:USDT,SHORT,canasta,34.83,0.1996,0.1982,0.1984024,0.2007976,TP,0.701,0.209469,0.034830,0.455,WIN
2026-09-08T13:20:06.688011+00:00,2026-09-08T13:20:07.464525+00:00,0G/USDT:USDT,SHORT,canasta,34.83,0.1996,0.1983,0.1984024,0.2007976,TP,0.651,0.192019,0.034830,0.455,WIN
2026-09-08T13:19:02.022112+00:00,2026-09-08T13:20:10.922084+00:00,BTR/USDT:USDT,SHORT,canasta,39.23,0.0498,0.0495,0.0495012,0.0500988,TP,0.602,0.197095,0.039230,0.579,WIN
2026-09-08T13:20:06.687957+00:00,2026-09-08T13:21:07.141179+00:00,RIVER/USDT:USDT,LONG,canasta,32.18,1.272,1.28,1.279632,1.264368,TP,0.629,0.170210,0.032180,0.458,WIN
2026-09-08T13:20:48.847966+00:00,2026-09-08T13:21:18.249195+00:00,0G/USDT:USDT,SHORT,canasta,34.83,0.1996,0.1984,0.1984024,0.2007976,TP,0.601,0.174569,0.034830,0.455,WIN
2026-09-08T13:21:20.428780+00:00,2026-09-08T13:21:22.034154+00:00,RIVER/USDT:USDT,LONG,canasta,32.18,1.272,1.28,1.279632,1.264368,TP,0.629,0.170210,0.032180,0.458,WIN
2026-09-08T13:21:36.439110+00:00,2026-09-08T13:21:43.698153+00:00,RIVER/USDT:USDT,LONG,canasta,32.18,1.272,1.28,1.279632,1.264368,TP,0.629,0.170210,0.032180,0.458,WIN
2026-09-08T13:19:18.272022+00:00,2026-09-08T13:22:26.152360+00:00,VVV/USDT:USDT,SHORT,canasta,35.96,19.294,19.177,19.178236,19.409764,TP,0.606,0.182104,0.035960,0.505,WIN
2026-09-08T13:18:13.791721+00:00,2026-09-08T13:24:24.622205+00:00,ONG/USDT:USDT,SHORT,canasta,37.83,0.09273,0.09213,0.09217362,0.09328638,TP,0.647,0.206945,0.037830,0.509,WIN
2026-09-08T13:18:13.791677+00:00,2026-09-08T13:25:20.684665+00:00,MINA/USDT:USDT,SHORT,canasta,38.28,0.08295,0.08227,0.0824523,0.0834477,TP,0.820,0.275528,0.038280,0.497,WIN
2026-09-08T13:24:37.634864+00:00,2026-09-08T13:26:14.636538+00:00,AIA/USDT:USDT,SHORT,canasta,37.16,0.09595,0.09536,0.0953743,0.0965257,TP,0.615,0.191338,0.037160,0.570,WIN
2026-09-08T13:18:13.791743+00:00,2026-09-08T13:26:50.355573+00:00,Q/USDT:USDT,SHORT,canasta,36.34,0.028042,0.028225,0.027873748,0.028210252,SL,-0.653,-0.273492,0.036340,0.494,LOSS
2026-09-08T13:21:54.493952+00:00,2026-09-08T13:28:03.812614+00:00,HOOD/USDT:USDT,SHORT,canasta,36.74,126.31,124.68,125.55214,127.06786,TP,1.290,0.437381,0.036740,0.530,WIN
2026-09-08T13:18:13.791761+00:00,2026-09-08T13:29:29.439267+00:00,KAVA/USDT:USDT,SHORT,canasta,35.96,0.05945,0.05908,0.0590933,0.0598067,TP,0.622,0.187845,0.035960,0.514,WIN
2026-09-08T13:20:48.847727+00:00,2026-09-08T13:30:59.627210+00:00,BTR/USDT:USDT,SHORT,canasta,39.23,0.0498,0.05013,0.0495012,0.0500988,SL,-0.663,-0.299188,0.039230,0.579,LOSS
2026-09-08T13:20:48.847857+00:00,2026-09-08T13:31:30.413951+00:00,CAKE/USDT:USDT,SHORT,canasta,36.44,2.314,2.2998,2.300116,2.327884,TP,0.614,0.187176,0.036440,0.425,WIN
2026-09-08T13:24:37.634841+00:00,2026-09-08T13:31:30.730735+00:00,TRIA/USDT:USDT,LONG,canasta,33.69,0.004221,0.004194,0.004246326,0.004195674,SL,-0.640,-0.249191,0.033690,0.377,LOSS
2026-09-08T13:29:46.696030+00:00,2026-09-08T13:31:31.069601+00:00,DOT/USDT:USDT,SHORT,canasta,35.96,1.0775,1.0674,1.071035,1.083965,TP,0.937,0.301113,0.035960,0.479,WIN
2026-09-08T13:32:13.551143+00:00,2026-09-08T13:32:15.996443+00:00,DOT/USDT:USDT,SHORT,canasta,35.96,1.0775,1.0706,1.071035,1.083965,TP,0.640,0.194317,0.035960,0.479,WIN
2026-09-08T13:32:13.551188+00:00,2026-09-08T13:32:16.096567+00:00,0G/USDT:USDT,SHORT,canasta,34.83,0.1997,0.1977,0.1985018,0.2008982,TP,1.002,0.313993,0.034830,0.455,WIN
2026-09-08T13:32:27.829626+00:00,2026-09-08T13:32:30.941927+00:00,DOT/USDT:USDT,SHORT,canasta,35.96,1.0775,1.0704,1.071035,1.083965,TP,0.659,0.200992,0.035960,0.479,WIN
2026-09-08T13:32:27.829800+00:00,2026-09-08T13:32:31.023061+00:00,0G/USDT:USDT,SHORT,canasta,34.83,0.1997,0.1981,0.1985018,0.2008982,TP,0.801,0.244229,0.034830,0.455,WIN
2026-09-08T13:28:20.441893+00:00,2026-09-08T13:32:38.128052+00:00,ICP/USDT:USDT,SHORT,canasta,36.09,3.027,3.007,3.008838,3.045162,TP,0.661,0.202364,0.036090,0.491,WIN
2026-09-08T13:32:43.407734+00:00,2026-09-08T13:32:45.217393+00:00,DOT/USDT:USDT,SHORT,canasta,35.96,1.0775,1.0688,1.071035,1.083965,TP,0.807,0.254390,0.035960,0.479,WIN
2026-09-08T13:32:43.407874+00:00,2026-09-08T13:32:45.297908+00:00,0G/USDT:USDT,SHORT,canasta,34.83,0.1997,0.198,0.1985018,0.2008982,TP,0.851,0.261670,0.034830,0.455,WIN
2026-09-08T13:31:09.279881+00:00,2026-09-08T13:32:59.049451+00:00,FORM/USDT:USDT,SHORT,canasta,35.11,0.3152,0.3121,0.3133088,0.3170912,TP,0.984,0.310198,0.035110,0.421,WIN
2026-09-08T13:32:59.059681+00:00,2026-09-08T13:32:59.257485+00:00,FORM/USDT:USDT,SHORT,canasta,35.11,0.3152,0.3121,0.3133088,0.3170912,TP,0.984,0.310198,0.035110,0.421,WIN
2026-09-08T13:32:59.059432+00:00,2026-09-08T13:33:02.732701+00:00,DOT/USDT:USDT,SHORT,canasta,35.96,1.0775,1.0681,1.071035,1.083965,TP,0.872,0.277751,0.035960,0.479,WIN
2026-09-08T13:32:59.059804+00:00,2026-09-08T13:33:02.886756+00:00,0G/USDT:USDT,SHORT,canasta,34.83,0.1997,0.1977,0.1985018,0.2008982,TP,1.002,0.313993,0.034830,0.455,WIN
2026-09-08T13:22:59.616886+00:00,2026-09-08T13:33:20.262188+00:00,POL/USDT:USDT,SHORT,canasta,35.48,0.09642,0.09569,0.09584148,0.09699852,TP,0.757,0.233141,0.035480,0.482,WIN
2026-09-08T13:26:17.643058+00:00,2026-09-08T13:33:20.622954+00:00,XVG/USDT:USDT,SHORT,canasta,38.09,0.002942,0.002919,0.002924348,0.002959652,TP,0.782,0.259690,0.038090,0.553,WIN
2026-09-08T13:25:27.673377+00:00,2026-09-08T13:33:24.056574+00:00,COTI/USDT:USDT,SHORT,canasta,36.26,0.018357,0.018224,0.018246858,0.018467142,TP,0.725,0.226451,0.036260,0.504,WIN
2026-09-08T13:23:15.964185+00:00,2026-09-08T13:33:27.365462+00:00,XMR/USDT:USDT,SHORT,canasta,34.53,502.59,499.27,499.57446,505.60554,TP,0.661,0.193568,0.034530,0.499,WIN
2026-09-08T13:22:43.339990+00:00,2026-09-08T13:35:17.619763+00:00,CATI/USDT:USDT,SHORT,canasta,36.30,0.06323,0.06361,0.06285062,0.06360938,SL,-0.601,-0.254456,0.036300,0.501,LOSS
2026-09-08T13:32:59.059606+00:00,2026-09-08T13:35:54.228802+00:00,KAS/USDT:USDT,SHORT,canasta,35.55,0.03531,0.03507,0.03509814,0.03552186,TP,0.680,0.206081,0.035550,0.469,WIN
2026-09-08T13:34:20.633783+00:00,2026-09-08T13:40:52.668011+00:00,SYRUP/USDT:USDT,SHORT,canasta,35.98,0.23317,0.23099,0.23177098,0.23456902,TP,0.935,0.300411,0.035980,0.424,WIN
2026-09-08T13:40:55.865801+00:00,2026-09-08T13:40:58.982310+00:00,SYRUP/USDT:USDT,SHORT,canasta,35.98,0.23317,0.23096,0.23177098,0.23456902,TP,0.948,0.305041,0.035980,0.424,WIN
2026-09-08T13:33:15.605196+00:00,2026-09-08T13:41:36.202362+00:00,MAGMA/USDT:USDT,SHORT,canasta,35.01,0.2399,0.23804,0.2384606,0.2413394,TP,0.775,0.236431,0.035010,0.440,WIN
2026-09-08T13:41:43.107087+00:00,2026-09-08T13:41:45.292854+00:00,SYRUP/USDT:USDT,SHORT,canasta,35.98,0.23317,0.22878,0.23177098,0.23456902,TP,1.883,0.641432,0.035980,0.424,WIN
2026-09-08T13:41:58.285409+00:00,2026-09-08T13:42:00.384179+00:00,SYRUP/USDT:USDT,SHORT,canasta,35.98,0.23317,0.22925,0.23177098,0.23456902,TP,1.681,0.568907,0.035980,0.424,WIN
2026-09-08T13:50:08.687111+00:00,2026-09-08T13:56:02.866547+00:00,RIVER/USDT:USDT,LONG,canasta,32.82,1.266,1.274,1.273596,1.258404,TP,0.632,0.174573,0.032820,0.505,WIN
2026-09-08T14:00:34.111562+00:00,2026-09-08T14:00:37.953453+00:00,RIVER/USDT:USDT,LONG,canasta,32.82,1.266,1.284,1.273596,1.258404,TP,1.422,0.433815,0.032820,0.505,WIN
2026-09-08T14:00:38.082937+00:00,2026-09-08T14:00:41.216918+00:00,RIVER/USDT:USDT,LONG,canasta,32.82,1.266,1.284,1.273596,1.258404,TP,1.422,0.433815,0.032820,0.505,WIN
2026-09-08T14:00:53.145783+00:00,2026-09-08T14:00:54.246135+00:00,RIVER/USDT:USDT,LONG,canasta,32.82,1.266,1.283,1.273596,1.258404,TP,1.343,0.407891,0.032820,0.505,WIN
2026-09-08T14:01:09.808253+00:00,2026-09-08T14:01:09.987352+00:00,RIVER/USDT:USDT,LONG,canasta,32.82,1.266,1.285,1.273596,1.258404,TP,1.501,0.459739,0.032820,0.505,WIN
2026-09-08T13:55:42.936110+00:00,2026-09-08T14:02:18.564408+00:00,XMR/USDT:USDT,SHORT,canasta,34.30,503.64,500.61,500.61816,506.66184,TP,0.602,0.172056,0.034300,0.481,WIN
2026-09-08T14:27:59.691305+00:00,2026-09-08T14:28:01.002430+00:00,KAS/USDT:USDT,SHORT,canasta,35.11,0.03643,0.03669,0.03621142,0.03664858,SL,-0.714,-0.285689,0.035110,0.423,LOSS
2026-09-08T14:17:09.009860+00:00,2026-09-08T14:28:07.544854+00:00,ICP/USDT:USDT,SHORT,canasta,36.48,3.042,3.023,3.023748,3.060252,TP,0.625,0.191370,0.036480,0.518,WIN
2026-09-08T14:27:44.230401+00:00,2026-09-08T14:28:14.665309+00:00,XVG/USDT:USDT,SHORT,canasta,38.20,0.00295,0.002932,0.0029323,0.0029677,TP,0.610,0.194885,0.038200,0.560,WIN
2026-09-08T14:30:35.222964+00:00,2026-09-08T14:30:37.292680+00:00,UAI/USDT:USDT,SHORT,canasta,36.60,0.7447,0.7552,0.7402318,0.7491682,SL,-1.410,-0.552647,0.036600,0.440,LOSS
2026-09-08T14:21:35.652048+00:00,2026-09-08T14:31:23.761793+00:00,0G/USDT:USDT,SHORT,canasta,34.49,0.2004,0.1991,0.1991976,0.2016024,TP,0.649,0.189248,0.034490,0.429,WIN
2026-09-08T14:30:50.611851+00:00,2026-09-08T14:46:23.633897+00:00,VELODROME/USDT:USDT,SHORT,canasta,35.36,0.02726,0.02743,0.02709644,0.02742356,SL,-0.624,-0.255874,0.035360,0.440,LOSS
2026-09-08T14:17:54.516100+00:00,2026-09-08T14:54:17.586641+00:00,MAGMA/USDT:USDT,SHORT,canasta,35.03,0.2404,0.24195,0.2389576,0.2418424,SL,-0.645,-0.260889,0.035030,0.440,LOSS
2026-09-08T14:28:15.978535+00:00,2026-09-08T15:03:16.779085+00:00,XVG/USDT:USDT,SHORT,canasta,38.20,0.00295,0.00297,0.0029323,0.0029677,SL,-0.678,-0.297183,0.038200,0.560,LOSS
2026-09-08T14:49:25.701734+00:00,2026-09-08T15:06:14.676380+00:00,PENDLE/USDT:USDT,SHORT,canasta,36.99,2.2483,2.2664,2.2348102,2.2617898,SL,-0.805,-0.334779,0.036990,0.486,LOSS
2026-09-08T15:10:12.747229+00:00,2026-09-08T15:11:44.075536+00:00,SUSHI/USDT:USDT,SHORT,canasta,36.05,0.2363,0.2378,0.2348822,0.2377178,SL,-0.635,-0.264890,0.036050,0.436,LOSS
2026-09-08T15:14:40.452643+00:00,2026-09-08T15:14:41.765543+00:00,NEAR/USDT:USDT,SHORT,canasta,36.51,2.435,2.404,2.42039,2.44961,TP,1.273,0.428299,0.036510,0.538,WIN
2026-09-08T15:14:56.289223+00:00,2026-09-08T15:14:57.983103+00:00,NEAR/USDT:USDT,SHORT,canasta,36.51,2.435,2.409,2.42039,2.44961,TP,1.068,0.353330,0.036510,0.538,WIN
2026-09-08T15:15:12.196218+00:00,2026-09-08T15:15:14.415382+00:00,NEAR/USDT:USDT,SHORT,canasta,36.51,2.435,2.399,2.42039,2.44961,TP,1.478,0.503268,0.036510,0.538,WIN
2026-09-08T15:15:27.890035+00:00,2026-09-08T15:15:30.467028+00:00,NEAR/USDT:USDT,SHORT,canasta,36.51,2.435,2.406,2.42039,2.44961,TP,1.191,0.398311,0.036510,0.538,WIN
2026-09-08T15:15:44.457730+00:00,2026-09-08T15:15:46.538624+00:00,NEAR/USDT:USDT,SHORT,canasta,36.51,2.435,2.405,2.42039,2.44961,TP,1.232,0.413305,0.036510,0.538,WIN
2026-09-08T15:17:20.228080+00:00,2026-09-08T15:17:23.332902+00:00,NEAR/USDT:USDT,SHORT,canasta,36.51,2.435,2.42,2.42039,2.44961,TP,0.616,0.188398,0.036510,0.538,WIN
2026-09-08T15:17:24.263192+00:00,2026-09-08T15:17:26.627321+00:00,NEAR/USDT:USDT,SHORT,canasta,36.51,2.435,2.409,2.42039,2.44961,TP,1.068,0.353330,0.036510,0.538,WIN
2026-09-08T15:17:40.266450+00:00,2026-09-08T15:17:42.473040+00:00,NEAR/USDT:USDT,SHORT,canasta,36.51,2.435,2.408,2.42039,2.44961,TP,1.109,0.368324,0.036510,0.538,WIN
2026-09-08T15:17:55.492919+00:00,2026-09-08T15:17:58.374272+00:00,NEAR/USDT:USDT,SHORT,canasta,36.51,2.435,2.411,2.42039,2.44961,TP,0.986,0.323342,0.036510,0.538,WIN
2026-09-08T15:18:10.710896+00:00,2026-09-08T15:18:11.075424+00:00,NEAR/USDT:USDT,SHORT,canasta,36.51,2.435,2.414,2.42039,2.44961,TP,0.862,0.278361,0.036510,0.538,WIN
2026-09-08T15:18:26.001650+00:00,2026-09-08T15:18:27.258341+00:00,NEAR/USDT:USDT,SHORT,canasta,36.51,2.435,2.414,2.42039,2.44961,TP,0.862,0.278361,0.036510,0.538,WIN
2026-09-08T15:10:28.017916+00:00,2026-09-08T15:22:18.051898+00:00,ZEN/USDT:USDT,SHORT,canasta,36.88,7.192,7.145,7.148848,7.235152,TP,0.654,0.204132,0.036880,0.485,WIN
2026-09-08T15:39:43.473374+00:00,2026-09-08T15:39:46.641528+00:00,DOT/USDT:USDT,SHORT,canasta,35.93,1.1774,1.1696,1.1703356,1.1844644,TP,0.662,0.202098,0.035930,0.449,WIN
2026-09-08T15:39:46.804152+00:00,2026-09-08T15:39:50.095960+00:00,DOT/USDT:USDT,SHORT,canasta,35.93,1.1774,1.1698,1.1703356,1.1844644,TP,0.645,0.195995,0.035930,0.449,WIN
2026-09-08T15:40:02.939934+00:00,2026-09-08T15:40:43.998865+00:00,DOT/USDT:USDT,SHORT,canasta,35.93,1.1774,1.1701,1.1703356,1.1844644,TP,0.620,0.186840,0.035930,0.449,WIN
2026-09-08T15:40:48.697993+00:00,2026-09-08T15:40:50.238355+00:00,DOT/USDT:USDT,SHORT,canasta,35.93,1.1774,1.1695,1.1703356,1.1844644,TP,0.671,0.205149,0.035930,0.449,WIN
2026-09-08T15:41:04.091089+00:00,2026-09-08T15:41:51.650386+00:00,EPIC/USDT:USDT,LONG,canasta,32.29,0.3989,0.4017,0.4012934,0.3965066,TP,0.702,0.194363,0.032290,0.361,WIN
2026-09-08T15:42:06.420990+00:00,2026-09-08T15:42:10.387912+00:00,EPIC/USDT:USDT,LONG,canasta,32.29,0.3989,0.4016,0.4012934,0.3965066,TP,0.677,0.186269,0.032290,0.361,WIN
2026-09-08T15:42:22.013669+00:00,2026-09-08T15:42:22.860167+00:00,EPIC/USDT:USDT,LONG,canasta,32.29,0.3989,0.4016,0.4012934,0.3965066,TP,0.677,0.186269,0.032290,0.361,WIN
2026-09-08T15:42:37.742212+00:00,2026-09-08T15:42:38.482046+00:00,EPIC/USDT:USDT,LONG,canasta,32.29,0.3989,0.4015,0.4012934,0.3965066,TP,0.652,0.178174,0.032290,0.361,WIN
2026-09-08T15:42:53.399904+00:00,2026-09-08T15:42:54.035279+00:00,EPIC/USDT:USDT,LONG,canasta,32.29,0.3989,0.4019,0.4012934,0.3965066,TP,0.752,0.210553,0.032290,0.361,WIN
2026-09-08T14:34:43.212466+00:00,2026-09-08T15:44:08.450185+00:00,POL/USDT:USDT,SHORT,canasta,35.64,0.09659,0.09728,0.09601046,0.09716954,SL,-0.714,-0.290238,0.035640,0.488,LOSS
2026-09-08T15:44:08.488026+00:00,2026-09-08T15:44:12.042912+00:00,EPIC/USDT:USDT,LONG,canasta,32.29,0.3989,0.4015,0.4012934,0.3965066,TP,0.652,0.178174,0.032290,0.361,WIN
2026-09-08T15:44:23.693222+00:00,2026-09-08T15:44:24.124604+00:00,EPIC/USDT:USDT,LONG,canasta,32.29,0.3989,0.4023,0.4012934,0.3965066,TP,0.852,0.242932,0.032290,0.361,WIN
2026-09-08T15:44:38.764397+00:00,2026-09-08T15:44:39.234443+00:00,EPIC/USDT:USDT,LONG,canasta,32.29,0.3989,0.4022,0.4012934,0.3965066,TP,0.827,0.234837,0.032290,0.361,WIN
2026-09-08T15:44:53.845795+00:00,2026-09-08T15:44:54.317655+00:00,EPIC/USDT:USDT,LONG,canasta,32.29,0.3989,0.4023,0.4012934,0.3965066,TP,0.852,0.242932,0.032290,0.361,WIN
2026-09-08T15:45:25.166814+00:00,2026-09-08T15:45:36.922057+00:00,DOT/USDT:USDT,SHORT,canasta,36.19,1.1793,1.1883,1.1722242,1.1863758,SL,-0.763,-0.312379,0.036190,0.468,LOSS
2026-09-08T15:50:03.478591+00:00,2026-09-08T15:50:05.468296+00:00,DOGS/USDT:USDT,SHORT,canasta,35.95,5.127e-05,5.086e-05,5.096238e-05,5.157762e-05,TP,0.800,0.251538,0.035950,0.502,WIN
2026-09-08T15:50:18.998192+00:00,2026-09-08T15:50:20.599760+00:00,DOGS/USDT:USDT,SHORT,canasta,35.95,5.127e-05,5.086e-05,5.096238e-05,5.157762e-05,TP,0.800,0.251538,0.035950,0.502,WIN
2026-09-08T15:50:34.475358+00:00,2026-09-08T15:50:48.473041+00:00,DOGS/USDT:USDT,SHORT,canasta,35.95,5.127e-05,5.093e-05,5.096238e-05,5.157762e-05,TP,0.663,0.202455,0.035950,0.502,WIN
2026-09-08T15:50:50.402513+00:00,2026-09-08T15:50:51.570543+00:00,DOGS/USDT:USDT,SHORT,canasta,35.95,5.127e-05,5.095e-05,5.096238e-05,5.157762e-05,TP,0.624,0.188431,0.035950,0.502,WIN
2026-09-08T15:52:41.151433+00:00,2026-09-08T15:52:43.668395+00:00,DOGS/USDT:USDT,SHORT,canasta,35.95,5.127e-05,5.085e-05,5.096238e-05,5.157762e-05,TP,0.819,0.258550,0.035950,0.502,WIN
2026-09-08T15:52:44.414599+00:00,2026-09-08T15:52:46.766675+00:00,DOGS/USDT:USDT,SHORT,canasta,35.95,5.127e-05,5.075e-05,5.096238e-05,5.157762e-05,TP,1.014,0.328669,0.035950,0.502,WIN
2026-09-08T16:06:01.426433+00:00,2026-09-08T16:07:14.256667+00:00,ZEN/USDT:USDT,SHORT,canasta,36.79,7.206,7.154,7.162764,7.249236,TP,0.722,0.228694,0.036790,0.478,WIN
2026-09-08T16:06:01.426411+00:00,2026-09-08T16:08:11.035033+00:00,ATOM/USDT:USDT,SHORT,canasta,37.82,1.802,1.791,1.791188,1.812812,TP,0.610,0.193046,0.037820,0.619,WIN
2026-09-08T16:08:31.660801+00:00,2026-09-08T16:08:33.304167+00:00,ZEN/USDT:USDT,SHORT,canasta,36.79,7.206,7.156,7.162764,7.249236,TP,0.694,0.218483,0.036790,0.478,WIN
2026-09-08T16:08:46.918743+00:00,2026-09-08T16:08:49.165743+00:00,ZEN/USDT:USDT,SHORT,canasta,36.79,7.206,7.157,7.162764,7.249236,TP,0.680,0.213378,0.036790,0.478,WIN
2026-09-08T16:05:45.807674+00:00,2026-09-08T16:11:28.725476+00:00,AAVE/USDT:USDT,SHORT,canasta,35.18,130.82,130.02,130.03508,131.60492,TP,0.612,0.179955,0.035180,0.454,WIN
2026-09-08T16:21:00.988115+00:00,2026-09-08T16:21:04.078465+00:00,DOGS/USDT:USDT,SHORT,canasta,35.75,5.178e-05,5.246e-05,5.146932e-05,5.209068e-05,SL,-1.313,-0.505236,0.035750,0.483,LOSS
2026-09-08T16:36:16.818578+00:00,2026-09-08T16:36:19.222521+00:00,BTR/USDT:USDT,SHORT,canasta,38.63,0.05138,0.05087,0.05107172,0.05168828,TP,0.993,0.344813,0.038630,0.526,WIN
2026-09-08T16:36:32.553753+00:00,2026-09-08T16:36:59.315274+00:00,BTR/USDT:USDT,SHORT,canasta,38.63,0.05138,0.05081,0.05107172,0.05168828,TP,1.109,0.389924,0.038630,0.526,WIN
2026-09-08T16:37:03.746425+00:00,2026-09-08T16:37:05.028138+00:00,BTR/USDT:USDT,SHORT,canasta,38.63,0.05138,0.05081,0.05107172,0.05168828,TP,1.109,0.389924,0.038630,0.526,WIN
2026-09-08T16:38:10.812009+00:00,2026-09-08T16:38:13.997897+00:00,BTR/USDT:USDT,SHORT,canasta,38.63,0.05138,0.05098,0.05107172,0.05168828,TP,0.779,0.262110,0.038630,0.526,WIN
2026-09-08T16:38:26.216838+00:00,2026-09-08T16:38:27.001283+00:00,BTR/USDT:USDT,SHORT,canasta,38.63,0.05138,0.05085,0.05107172,0.05168828,TP,1.032,0.359850,0.038630,0.526,WIN
2026-09-08T16:13:24.030952+00:00,2026-09-08T16:38:36.510390+00:00,ZK/USDT:USDT,SHORT,canasta,35.55,0.010592,0.010658,0.010528448,0.010655552,SL,-0.623,-0.257066,0.035550,0.451,LOSS
2026-09-08T16:38:41.391502+00:00,2026-09-08T16:38:42.755136+00:00,BTR/USDT:USDT,SHORT,canasta,38.63,0.05138,0.05085,0.05107172,0.05168828,TP,1.032,0.359850,0.038630,0.526,WIN
2026-09-08T16:50:06.518684+00:00,2026-09-08T17:06:43.249227+00:00,AERO/USDT:USDT,SHORT,canasta,36.14,0.6201,0.6239,0.6163794,0.6238206,SL,-0.613,-0.257608,0.036140,0.449,LOSS
2026-09-08T16:47:49.091007+00:00,2026-09-08T17:13:32.551698+00:00,ONG/USDT:USDT,SHORT,canasta,38.03,0.0929,0.0922,0.0923426,0.0934574,TP,0.753,0.248525,0.038030,0.523,WIN
2026-09-08T16:51:23.200414+00:00,2026-09-08T17:13:52.694879+00:00,TAO/USDT:USDT,SHORT,canasta,35.58,267.76,266.09,266.15344,269.36656,TP,0.624,0.186330,0.035580,0.467,WIN
2026-09-08T17:23:41.489229+00:00,2026-09-08T17:23:42.446788+00:00,BTR/USDT:USDT,SHORT,canasta,38.80,0.05176,0.05132,0.05144944,0.05207056,TP,0.850,0.291030,0.038800,0.536,WIN
2026-09-08T17:24:58.589867+00:00,2026-09-08T17:25:02.236520+00:00,BTR/USDT:USDT,SHORT,canasta,38.80,0.05176,0.05108,0.05144944,0.05207056,TP,1.314,0.470937,0.038800,0.536,WIN
2026-09-08T17:25:15.383650+00:00,2026-09-08T17:25:17.838953+00:00,BTR/USDT:USDT,SHORT,canasta,38.80,0.05176,0.05113,0.05144944,0.05207056,TP,1.217,0.433457,0.038800,0.536,WIN
2026-09-08T17:25:30.571395+00:00,2026-09-08T17:25:33.372119+00:00,BTR/USDT:USDT,SHORT,canasta,38.80,0.05176,0.05117,0.05144944,0.05207056,TP,1.140,0.403472,0.038800,0.536,WIN
2026-09-08T17:25:45.741035+00:00,2026-09-08T17:25:48.846828+00:00,BTR/USDT:USDT,SHORT,canasta,38.80,0.05176,0.05109,0.05144944,0.05207056,TP,1.294,0.463441,0.038800,0.536,WIN
2026-09-08T17:26:00.904616+00:00,2026-09-08T17:26:16.577425+00:00,BTR/USDT:USDT,SHORT,canasta,38.80,0.05176,0.051,0.05144944,0.05207056,TP,1.468,0.530906,0.038800,0.536,WIN
2026-09-08T17:27:03.109965+00:00,2026-09-08T17:27:36.545274+00:00,DOGS/USDT:USDT,SHORT,canasta,36.21,5.464e-05,5.504e-05,5.431216e-05,5.496784e-05,SL,-0.732,-0.301291,0.036210,0.501,LOSS
2026-09-08T17:28:08.811699+00:00,2026-09-08T17:35:58.990415+00:00,SUSHI/USDT:USDT,SHORT,canasta,37.10,0.2417,0.2433,0.2402498,0.2431502,SL,-0.662,-0.282694,0.037100,0.505,LOSS
2026-09-08T17:48:03.726292+00:00,2026-09-08T17:57:13.478804+00:00,ATOM/USDT:USDT,SHORT,canasta,35.91,1.815,1.804,1.80411,1.82589,TP,0.606,0.181726,0.035910,0.482,WIN
2026-09-08T17:57:18.067364+00:00,2026-09-08T17:58:38.014873+00:00,ATOM/USDT:USDT,SHORT,canasta,35.91,1.815,1.801,1.80411,1.82589,TP,0.771,0.241082,0.035910,0.482,WIN
2026-09-08T17:58:42.005073+00:00,2026-09-08T17:58:45.241077+00:00,ATOM/USDT:USDT,SHORT,canasta,35.91,1.815,1.801,1.80411,1.82589,TP,0.771,0.241082,0.035910,0.482,WIN
2026-09-08T17:58:58.542581+00:00,2026-09-08T17:59:01.694492+00:00,ATOM/USDT:USDT,SHORT,canasta,35.91,1.815,1.801,1.80411,1.82589,TP,0.771,0.241082,0.035910,0.482,WIN
2026-09-08T17:59:13.854937+00:00,2026-09-08T17:59:15.303601+00:00,ATOM/USDT:USDT,SHORT,canasta,35.91,1.815,1.799,1.80411,1.82589,TP,0.882,0.280652,0.035910,0.482,WIN
2026-09-08T17:59:29.150783+00:00,2026-09-08T17:59:31.546390+00:00,ATOM/USDT:USDT,SHORT,canasta,35.91,1.815,1.797,1.80411,1.82589,TP,0.992,0.320222,0.035910,0.482,WIN
2026-09-08T17:59:44.522915+00:00,2026-09-08T17:59:47.918264+00:00,ATOM/USDT:USDT,SHORT,canasta,35.91,1.815,1.798,1.80411,1.82589,TP,0.937,0.300437,0.035910,0.482,WIN
2026-09-08T17:48:34.353896+00:00,2026-09-08T18:18:03.565510+00:00,EGLD/USDT:USDT,SHORT,canasta,35.94,4.736,4.765,4.707584,4.764416,SL,-0.612,-0.256012,0.035940,0.447,LOSS
2026-09-08T18:17:16.761768+00:00,2026-09-08T18:20:58.911866+00:00,ATOM/USDT:USDT,SHORT,canasta,35.91,1.815,1.803,1.80411,1.82589,TP,0.661,0.201511,0.035910,0.482,WIN
2026-09-08T18:20:58.947636+00:00,2026-09-08T18:20:59.198676+00:00,ATOM/USDT:USDT,SHORT,canasta,35.91,1.815,1.803,1.80411,1.82589,TP,0.661,0.201511,0.035910,0.482,WIN
2026-09-08T18:14:51.810817+00:00,2026-09-08T18:30:51.384592+00:00,RIVER/USDT:USDT,LONG,canasta,33.11,1.26,1.252,1.26756,1.25244,SL,-0.635,-0.243332,0.033110,0.527,LOSS
2026-09-08T18:31:46.040900+00:00,2026-09-08T18:32:17.319995+00:00,DOT/USDT:USDT,SHORT,canasta,36.20,1.2274,1.2183,1.2200356,1.2347644,TP,0.741,0.232188,0.036200,0.452,WIN
2026-09-08T18:32:18.331460+00:00,2026-09-08T18:32:20.733741+00:00,DOT/USDT:USDT,SHORT,canasta,36.20,1.2274,1.2183,1.2200356,1.2347644,TP,0.741,0.232188,0.036200,0.452,WIN
2026-09-09T11:22:26.205492+00:00,2026-09-09T11:22:26.670486+00:00,MINA/USDT:USDT,SHORT,canasta,40.83,0.09164,0.08985,0.09109016,0.09218984,TP,1.953,0.756701,0.040830,0.651,WIN
2026-09-09T11:22:29.199227+00:00,2026-09-09T11:22:30.735622+00:00,MINA/USDT:USDT,SHORT,canasta,40.83,0.09164,0.08985,0.09109016,0.09218984,TP,1.953,0.756701,0.040830,0.651,WIN
2026-09-09T11:22:42.619961+00:00,2026-09-09T11:22:44.698256+00:00,MINA/USDT:USDT,SHORT,canasta,40.83,0.09164,0.08985,0.09109016,0.09218984,TP,1.953,0.756701,0.040830,0.651,WIN
2026-09-09T11:22:26.209220+00:00,2026-09-09T11:23:01.852873+00:00,UAI/USDT:USDT,SHORT,canasta,37.85,0.7222,0.7177,0.7178668,0.7265332,TP,0.623,0.197992,0.037850,0.490,WIN
2026-09-09T11:22:58.639403+00:00,2026-09-09T11:23:02.327412+00:00,MINA/USDT:USDT,SHORT,canasta,40.83,0.09164,0.0897,0.09109016,0.09218984,TP,2.117,0.823533,0.040830,0.651,WIN
2026-09-09T11:23:14.463098+00:00,2026-09-09T11:23:16.020806+00:00,MINA/USDT:USDT,SHORT,canasta,40.83,0.09164,0.08957,0.09109016,0.09218984,TP,2.259,0.881454,0.040830,0.651,WIN
2026-09-09T11:23:14.463044+00:00,2026-09-09T11:23:33.841825+00:00,CFG/USDT:USDT,LONG,canasta,32.39,0.1166,0.1174,0.1172996,0.1159004,TP,0.686,0.189840,0.032390,0.430,WIN
2026-09-09T11:23:30.556150+00:00,2026-09-09T11:23:34.032162+00:00,MINA/USDT:USDT,SHORT,canasta,40.83,0.09164,0.08995,0.09109016,0.09218984,TP,1.844,0.712146,0.040830,0.651,WIN
2026-09-09T11:23:14.463129+00:00,2026-09-09T11:23:40.916205+00:00,UAI/USDT:USDT,SHORT,canasta,37.85,0.7222,0.7172,0.7178668,0.7265332,TP,0.692,0.224197,0.037850,0.490,WIN
2026-09-09T11:23:46.432804+00:00,2026-09-09T11:23:47.920947+00:00,CFG/USDT:USDT,LONG,canasta,32.39,0.1166,0.1175,0.1172996,0.1159004,TP,0.772,0.217619,0.032390,0.430,WIN
2026-09-09T11:23:46.432846+00:00,2026-09-09T11:23:48.008859+00:00,MINA/USDT:USDT,SHORT,canasta,40.83,0.09164,0.08953,0.09109016,0.09218984,TP,2.302,0.899276,0.040830,0.651,WIN
2026-09-09T11:23:46.432865+00:00,2026-09-09T11:23:48.117494+00:00,UAI/USDT:USDT,SHORT,canasta,37.85,0.7222,0.7172,0.7178668,0.7265332,TP,0.692,0.224197,0.037850,0.490,WIN
2026-09-09T11:24:02.331529+00:00,2026-09-09T11:24:05.037443+00:00,CFG/USDT:USDT,LONG,canasta,32.39,0.1166,0.1176,0.1172996,0.1159004,TP,0.858,0.245397,0.032390,0.430,WIN
2026-09-09T11:24:02.331927+00:00,2026-09-09T11:24:05.131983+00:00,MINA/USDT:USDT,SHORT,canasta,40.83,0.09164,0.08963,0.09109016,0.09218984,TP,2.193,0.854721,0.040830,0.651,WIN
2026-09-09T11:22:26.209523+00:00,2026-09-09T11:24:15.422450+00:00,KAS/USDT:USDT,SHORT,canasta,35.91,0.03586,0.03609,0.03564484,0.03607516,SL,-0.641,-0.266231,0.035910,0.487,LOSS
2026-09-09T11:24:18.227212+00:00,2026-09-09T11:24:19.051986+00:00,CFG/USDT:USDT,LONG,canasta,32.39,0.1166,0.1176,0.1172996,0.1159004,TP,0.858,0.245397,0.032390,0.430,WIN
2026-09-09T11:24:18.227417+00:00,2026-09-09T11:24:19.161920+00:00,MINA/USDT:USDT,SHORT,canasta,40.83,0.09164,0.08965,0.09109016,0.09218984,TP,2.172,0.845810,0.040830,0.651,WIN
2026-09-09T11:24:33.987919+00:00,2026-09-09T11:25:41.652347+00:00,CFG/USDT:USDT,LONG,canasta,32.39,0.1166,0.1176,0.1172996,0.1159004,TP,0.858,0.245397,0.032390,0.430,WIN
2026-09-09T11:24:33.987950+00:00,2026-09-09T11:25:41.718643+00:00,MINA/USDT:USDT,SHORT,canasta,40.83,0.09164,0.08965,0.09109016,0.09218984,TP,2.172,0.845810,0.040830,0.651,WIN
2026-09-09T11:25:41.726224+00:00,2026-09-09T11:25:41.771555+00:00,MINA/USDT:USDT,SHORT,canasta,40.83,0.09164,0.08975,0.09109016,0.09218984,TP,2.062,0.801255,0.040830,0.651,WIN
2026-09-09T11:25:41.726100+00:00,2026-09-09T11:25:45.151530+00:00,CFG/USDT:USDT,LONG,canasta,32.39,0.1166,0.1176,0.1172996,0.1159004,TP,0.858,0.245397,0.032390,0.430,WIN
2026-09-09T21:45:04.949263+00:00,2026-09-09T21:45:05.029915+00:00,GPS/USDT:USDT,SHORT,canasta,8.84,0.011759,0.011668,0.011676687,0.011841313,TP,0.774,0.059571,0.008840,0.532,WIN
2026-09-09T21:45:04.949735+00:00,2026-09-09T21:45:05.601236+00:00,DOGS/USDT:USDT,SHORT,canasta,8.17,4.793e-05,4.752e-05,4.759449e-05,4.826551e-05,TP,0.855,0.061717,0.008170,0.444,WIN
2026-09-09T21:45:04.949821+00:00,2026-09-09T21:45:05.701994+00:00,ICP/USDT:USDT,SHORT,canasta,8.17,2.846,2.825,2.826078,2.865922,TP,0.738,0.052115,0.008170,0.445,WIN
2026-09-09T21:45:06.004472+00:00,2026-09-09T21:45:09.154602+00:00,GPS/USDT:USDT,SHORT,canasta,8.84,0.011759,0.011665,0.011676687,0.011841313,TP,0.799,0.061826,0.008840,0.532,WIN
2026-09-09T21:45:06.004507+00:00,2026-09-09T21:45:09.288434+00:00,DOGS/USDT:USDT,SHORT,canasta,8.17,4.793e-05,4.752e-05,4.759449e-05,4.826551e-05,TP,0.855,0.061717,0.008170,0.444,WIN
2026-09-09T21:45:06.004529+00:00,2026-09-09T21:45:09.395453+00:00,ICP/USDT:USDT,SHORT,canasta,8.17,2.846,2.825,2.826078,2.865922,TP,0.738,0.052115,0.008170,0.445,WIN
2026-09-09T21:45:21.771867+00:00,2026-09-09T21:45:23.074500+00:00,GPS/USDT:USDT,SHORT,canasta,8.84,0.011759,0.01167,0.011676687,0.011841313,TP,0.757,0.058067,0.008840,0.532,WIN
2026-09-09T21:45:21.771904+00:00,2026-09-09T21:45:23.192496+00:00,DOGS/USDT:USDT,SHORT,canasta,8.17,4.793e-05,4.754e-05,4.759449e-05,4.826551e-05,TP,0.814,0.058308,0.008170,0.444,WIN
2026-09-09T21:45:21.771925+00:00,2026-09-09T21:45:23.295523+00:00,ICP/USDT:USDT,SHORT,canasta,8.17,2.846,2.826,2.826078,2.865922,TP,0.703,0.049244,0.008170,0.445,WIN
2026-09-09T21:45:37.586847+00:00,2026-09-09T21:45:40.296915+00:00,DOGS/USDT:USDT,SHORT,canasta,8.17,4.793e-05,4.753e-05,4.759449e-05,4.826551e-05,TP,0.835,0.060013,0.008170,0.444,WIN
2026-09-09T21:45:37.586904+00:00,2026-09-09T21:45:40.388246+00:00,ICP/USDT:USDT,SHORT,canasta,8.17,2.846,2.825,2.826078,2.865922,TP,0.738,0.052115,0.008170,0.445,WIN
2026-09-09T21:45:53.690846+00:00,2026-09-09T21:45:54.343244+00:00,UAI/USDT:USDT,SHORT,canasta,8.74,0.7775,0.7839,0.7720575,0.7829425,SL,-0.823,-0.080683,0.008740,0.458,LOSS
2026-09-09T21:45:53.690968+00:00,2026-09-09T21:45:54.445441+00:00,DOGS/USDT:USDT,SHORT,canasta,8.17,4.793e-05,4.752e-05,4.759449e-05,4.826551e-05,TP,0.855,0.061717,0.008170,0.444,WIN
2026-09-09T21:46:09.621634+00:00,2026-09-09T21:46:11.844950+00:00,DOGS/USDT:USDT,SHORT,canasta,8.17,4.793e-05,4.751e-05,4.759449e-05,4.826551e-05,TP,0.876,0.063422,0.008170,0.444,WIN
2026-09-09T21:46:09.621825+00:00,2026-09-09T21:46:11.932921+00:00,ICP/USDT:USDT,SHORT,canasta,8.17,2.846,2.824,2.826078,2.865922,TP,0.773,0.054985,0.008170,0.445,WIN
2026-09-09T21:46:25.560180+00:00,2026-09-09T21:46:29.351814+00:00,DOGS/USDT:USDT,SHORT,canasta,8.17,4.793e-05,4.75e-05,4.759449e-05,4.826551e-05,TP,0.897,0.065126,0.008170,0.444,WIN
2026-09-09T21:46:25.560231+00:00,2026-09-09T21:46:29.449801+00:00,ICP/USDT:USDT,SHORT,canasta,8.17,2.846,2.824,2.826078,2.865922,TP,0.773,0.054985,0.008170,0.445,WIN
2026-09-09T21:46:41.378946+00:00,2026-09-09T21:46:43.328937+00:00,DOGS/USDT:USDT,SHORT,canasta,8.17,4.793e-05,4.75e-05,4.759449e-05,4.826551e-05,TP,0.897,0.065126,0.008170,0.444,WIN
2026-09-09T21:46:41.379123+00:00,2026-09-09T21:46:43.421961+00:00,ICP/USDT:USDT,SHORT,canasta,8.17,2.846,2.823,2.826078,2.865922,TP,0.808,0.057856,0.008170,0.445,WIN
2026-09-09T21:46:57.345306+00:00,2026-09-09T21:47:01.029336+00:00,DOGS/USDT:USDT,SHORT,canasta,8.17,4.793e-05,4.721e-05,4.759449e-05,4.826551e-05,TP,1.502,0.114559,0.008170,0.444,WIN
2026-09-09T21:46:57.345547+00:00,2026-09-09T21:47:01.118816+00:00,ICP/USDT:USDT,SHORT,canasta,8.17,2.846,2.824,2.826078,2.865922,TP,0.773,0.054985,0.008170,0.445,WIN
2026-09-09T21:47:17.498370+00:00,2026-09-09T21:47:20.899866+00:00,SOLV/USDT:USDT,SHORT,canasta,8.20,0.004106,0.004077,0.004077258,0.004134742,TP,0.706,0.049715,0.008200,0.437,WIN
2026-09-09T21:47:17.498750+00:00,2026-09-09T21:47:20.978823+00:00,DOGS/USDT:USDT,SHORT,canasta,8.17,4.793e-05,4.727e-05,4.759449e-05,4.826551e-05,TP,1.377,0.104332,0.008170,0.444,WIN
2026-09-09T21:45:04.949464+00:00,2026-09-09T21:47:24.133234+00:00,CATI/USDT:USDT,SHORT,canasta,8.38,0.06283,0.06331,0.06239019,0.06326981,SL,-0.764,-0.072400,0.008380,0.464,LOSS
2026-09-09T21:47:32.918631+00:00,2026-09-09T21:47:34.359137+00:00,SOLV/USDT:USDT,SHORT,canasta,8.20,0.004106,0.004076,0.004077258,0.004134742,TP,0.731,0.051712,0.008200,0.437,WIN
2026-09-09T21:47:32.918664+00:00,2026-09-09T21:47:34.484601+00:00,DOGS/USDT:USDT,SHORT,canasta,8.17,4.793e-05,4.73e-05,4.759449e-05,4.826551e-05,TP,1.314,0.099218,0.008170,0.444,WIN
2026-09-09T21:47:32.918684+00:00,2026-09-09T21:47:34.560979+00:00,ICP/USDT:USDT,SHORT,canasta,8.17,2.846,2.822,2.826078,2.865922,TP,0.843,0.060727,0.008170,0.445,WIN
2026-09-09T21:47:48.334407+00:00,2026-09-09T21:47:51.321454+00:00,DOGS/USDT:USDT,SHORT,canasta,8.17,4.793e-05,4.734e-05,4.759449e-05,4.826551e-05,TP,1.231,0.092400,0.008170,0.444,WIN
2026-09-09T21:47:48.334396+00:00,2026-09-09T21:48:05.285976+00:00,SOLV/USDT:USDT,SHORT,canasta,8.20,0.004106,0.004076,0.004077258,0.004134742,TP,0.731,0.051712,0.008200,0.437,WIN
2026-09-09T21:48:04.008940+00:00,2026-09-09T21:48:05.362232+00:00,DOGS/USDT:USDT,SHORT,canasta,8.17,4.793e-05,4.731e-05,4.759449e-05,4.826551e-05,TP,1.294,0.097513,0.008170,0.444,WIN
2026-09-09T21:45:04.949642+00:00,2026-09-09T21:48:19.034951+00:00,ENS/USDT:USDT,SHORT,canasta,8.24,5.785,5.741,5.744505,5.825495,TP,0.761,0.054432,0.008240,0.459,WIN
2026-09-09T21:45:37.586707+00:00,2026-09-09T21:49:00.471667+00:00,GPS/USDT:USDT,SHORT,canasta,8.84,0.011759,0.011669,0.011676687,0.011841313,TP,0.765,0.058819,0.008840,0.532,WIN
2026-09-09T21:45:04.949551+00:00,2026-09-09T21:49:14.017128+00:00,CAKE/USDT:USDT,SHORT,canasta,8.36,2.2672,2.2509,2.2513296,2.2830704,TP,0.719,0.051744,0.008360,0.447,WIN
2026-09-09T21:47:48.334375+00:00,2026-09-09T21:49:55.084332+00:00,KAT/USDT:USDT,SHORT,canasta,8.28,0.006161,0.00611,0.006117873,0.006204127,TP,0.828,0.060261,0.008280,0.453,WIN
2026-09-09T21:50:10.680672+00:00,2026-09-09T21:51:22.985635+00:00,KAT/USDT:USDT,SHORT,canasta,8.28,0.006165,0.00622,0.006121845,0.006208155,SL,-0.892,-0.082149,0.008280,0.453,LOSS
2026-09-09T22:32:58.206482+00:00,2026-09-09T22:36:24.182942+00:00,UNI/USDT:USDT,SHORT,canasta,8.11,6.201,6.163,6.163794,6.238206,TP,0.613,0.041588,0.008110,0.446,WIN
2026-09-09T22:32:59.275767+00:00,2026-09-09T22:38:37.190328+00:00,XMR/USDT:USDT,SHORT,canasta,8.05,504.22,507.3,501.19468,507.24532,SL,-0.611,-0.057223,0.008050,0.509,LOSS
2026-09-09T22:32:56.775956+00:00,2026-09-09T22:41:16.054358+00:00,TRIA/USDT:USDT,LONG,canasta,8.28,0.003468,0.003446,0.003488808,0.003447192,SL,-0.634,-0.060806,0.008280,0.448,LOSS
2026-09-09T22:38:48.541474+00:00,2026-09-09T22:41:27.551854+00:00,KAT/USDT:USDT,SHORT,canasta,8.48,0.005991,0.00597,0.005955054,0.006026946,TP,0.351,0.021245,0.008480,0.494,WIN
2026-09-09T22:41:27.955767+00:00,2026-09-09T22:41:35.062360+00:00,KAT/USDT:USDT,SHORT,canasta,8.47,0.00597,0.005934,0.00593418,0.00600582,TP,0.603,0.042605,0.008470,0.504,WIN
2026-09-09T22:32:57.129444+00:00,2026-09-09T22:41:52.577951+00:00,KAS/USDT:USDT,SHORT,canasta,8.53,0.0364,0.03619,0.0361816,0.0366184,TP,0.577,0.040682,0.008530,0.528,WIN
2026-09-09T22:32:57.490343+00:00,2026-09-09T22:47:07.675781+00:00,CATI/USDT:USDT,SHORT,canasta,8.41,0.06268,0.06306,0.06230392,0.06305608,SL,-0.606,-0.059396,0.008410,0.473,LOSS
2026-09-09T22:42:01.097388+00:00,2026-09-09T22:50:16.901469+00:00,XTZ/USDT:USDT,SHORT,canasta,8.25,0.259,0.257,0.257446,0.260554,TP,0.772,0.055457,0.008250,0.420,WIN
2026-09-09T22:44:08.353441+00:00,2026-09-09T22:50:28.320866+00:00,RAVE/USDT:USDT,LONG,canasta,7.26,0.2127,0.2113,0.2139762,0.2114238,SL,-0.658,-0.055046,0.007260,0.358,LOSS
2026-09-09T22:36:25.657106+00:00,2026-09-09T22:53:14.796060+00:00,KAVA/USDT:USDT,SHORT,canasta,8.52,0.06141,0.06173,0.06104154,0.06177846,SL,-0.521,-0.052917,0.008520,0.525,LOSS
2026-09-09T22:44:56.559636+00:00,2026-09-09T22:56:31.607917+00:00,SAHARA/USDT:USDT,SHORT,canasta,8.73,0.010333,0.010449,0.010271002,0.010394998,SL,-1.123,-0.106734,0.008730,0.519,LOSS
2026-09-09T22:55:15.255557+00:00,2026-09-09T22:58:58.894426+00:00,ROBO/USDT:USDT,LONG,canasta,7.95,0.00965,0.00959,0.0097079,0.0095921,SL,-0.622,-0.057380,0.007950,0.371,LOSS
2026-09-09T22:50:29.975132+00:00,2026-09-09T23:02:11.321725+00:00,UAI/USDT:USDT,SHORT,canasta,8.81,0.7878,0.7947,0.7830732,0.7925268,SL,-0.876,-0.085973,0.008810,0.477,LOSS
2026-09-09T22:55:47.480544+00:00,2026-09-09T23:04:10.910074+00:00,HOME/USDT:USDT,LONG,canasta,7.72,0.005554,0.005591,0.005587324,0.005520676,TP,0.666,0.043710,0.007720,0.421,WIN
2026-09-09T22:48:06.864246+00:00,2026-09-09T23:05:02.188190+00:00,ATOM/USDT:USDT,SHORT,canasta,8.73,1.836,1.849,1.824984,1.847016,SL,-0.708,-0.070544,0.008730,0.620,LOSS
2026-09-09T23:02:13.549877+00:00,2026-09-09T23:05:20.409755+00:00,ENS/USDT:USDT,SHORT,canasta,8.35,5.696,5.726,5.661824,5.730176,SL,-0.527,-0.052328,0.008350,0.503,LOSS
2026-09-09T22:56:20.026464+00:00,2026-09-09T23:13:42.779447+00:00,GPS/USDT:USDT,SHORT,canasta,8.79,0.01168,0.011758,0.01160992,0.01175008,SL,-0.668,-0.067490,0.008790,0.517,LOSS
2026-09-09T22:32:57.847530+00:00,2026-09-09T23:14:10.662854+00:00,CAKE/USDT:USDT,SHORT,canasta,8.26,2.2236,2.2371,2.2102584,2.2369416,SL,-0.607,-0.058408,0.008260,0.423,LOSS
2026-09-09T23:16:44.822777+00:00,2026-09-09T23:16:57.902592+00:00,BTR/USDT:USDT,SHORT,canasta,9.20,0.06088,0.06129,0.06051472,0.06124528,SL,-0.673,-0.071158,0.009200,0.485,LOSS
2026-09-09T23:16:45.175444+00:00,2026-09-09T23:17:11.992328+00:00,KAT/USDT:USDT,SHORT,canasta,8.37,0.006083,0.00611,0.006046502,0.006119498,SL,-0.444,-0.045521,0.008370,0.477,LOSS
2026-09-09T22:32:58.560780+00:00,2026-09-09T23:17:15.223263+00:00,POL/USDT:USDT,SHORT,canasta,8.08,0.09629,0.09691,0.09571226,0.09686774,SL,-0.644,-0.060106,0.008080,0.420,LOSS
2026-09-09T23:17:32.319791+00:00,2026-09-09T23:19:16.920039+00:00,KAS/USDT:USDT,SHORT,canasta,8.56,0.03641,0.03665,0.03619154,0.03662846,SL,-0.659,-0.064984,0.008560,0.540,LOSS
2026-09-09T23:08:49.429781+00:00,2026-09-09T23:21:16.886921+00:00,SOLV/USDT:USDT,SHORT,canasta,8.27,0.004315,0.004292,0.00428911,0.00434089,TP,0.533,0.035811,0.008270,0.427,WIN
2026-09-09T23:06:59.967673+00:00,2026-09-09T23:27:23.023013+00:00,HEMI/USDT:USDT,SHORT,canasta,7.78,0.006623,0.006665,0.006583262,0.006662738,SL,-0.634,-0.057117,0.007780,0.431,LOSS
2026-09-09T23:18:22.667881+00:00,2026-09-09T23:34:08.365890+00:00,AR/USDT:USDT,SHORT,canasta,8.06,2.748,2.77,2.731512,2.764488,SL,-0.801,-0.072587,0.008060,0.441,LOSS
2026-09-09T23:51:20.900636+00:00,2026-09-10T00:00:16.720318+00:00,TRIA/USDT:USDT,LONG,canasta,12.18,0.003508,0.003535,0.003532556,0.003423808,TP,0.770,0.081566,0.012180,0.528,WIN
2026-09-10T00:00:29.218854+00:00,2026-09-10T00:04:26.241612+00:00,TRIA/USDT:USDT,LONG,canasta,12.18,0.003537,0.003564,0.003561759,0.003452112,TP,0.763,0.080797,0.012180,0.528,WIN
2026-09-09T23:46:32.642887+00:00,2026-09-10T00:21:19.917760+00:00,ATOM/USDT:USDT,SHORT,canasta,12.52,1.855,1.844,1.842015,1.89952,TP,0.593,0.061723,0.012520,0.626,WIN
2026-09-10T00:22:44.786899+00:00,2026-09-10T00:47:30.079448+00:00,MAGMA/USDT:USDT,SHORT,canasta,12.49,0.24973,0.24795,0.24798189,0.25572352,TP,0.713,0.076535,0.012490,0.541,WIN
2026-09-10T00:47:35.243897+00:00,2026-09-10T00:53:25.668818+00:00,GPS/USDT:USDT,SHORT,canasta,12.58,0.011589,0.011514,0.011507877,0.011867136,TP,0.647,0.068833,0.012580,0.537,WIN
2026-09-10T00:54:29.140116+00:00,2026-09-10T01:25:54.721408+00:00,MINA/USDT:USDT,SHORT,canasta,13.41,0.09405,0.09331,0.09339165,0.0963072,TP,0.787,0.092102,0.013410,0.617,WIN
2026-09-10T01:25:55.759447+00:00,2026-09-10T01:57:45.657423+00:00,UAI/USDT:USDT,SHORT,canasta,12.85,0.7928,0.7602,0.7872504,0.8118272,TP,4.112,0.515543,0.012850,0.497,WIN
2026-09-10T01:57:53.002759+00:00,2026-09-10T02:25:06.664863+00:00,STX/USDT:USDT,SHORT,canasta,12.57,0.2673,0.2658,0.2654289,0.2737152,TP,0.561,0.057969,0.012570,0.523,WIN
2026-09-10T00:24:46.150916+00:00,2026-09-10T02:52:36.787311+00:00,BLESS/USDT:USDT,LONG,canasta,10.89,0.007894,0.007952,0.007949258,0.007704544,TP,0.735,0.069123,0.010890,0.469,WIN
2026-09-10T02:25:13.037913+00:00,2026-09-10T03:02:11.550405+00:00,NEIRO/USDT:USDT,SHORT,canasta,12.30,8.41e-05,8.619e-05,8.35113e-05,8.61184e-05,SL,-2.485,-0.317972,0.012300,0.633,LOSS
2026-09-10T03:04:13.743997+00:00,2026-09-10T03:16:26.495463+00:00,NIL/USDT:USDT,SHORT,canasta,11.00,0.04363,0.0433,0.04332459,0.04467712,TP,0.756,0.072200,0.011000,0.466,WIN
2026-09-10T03:16:37.774856+00:00,2026-09-10T03:18:07.054020+00:00,BTR/USDT:USDT,SHORT,canasta,12.86,0.0659,0.06535,0.0654387,0.0674816,TP,0.835,0.094469,0.012860,0.480,WIN
2026-09-10T03:49:38.712795+00:00,2026-09-10T06:00:07.255923+00:00,JTO/USDT:USDT,LONG,canasta,11.24,0.4165,0.4193,0.4194155,0.406504,TP,0.672,0.064323,0.011240,0.487,WIN
2026-09-10T06:21:21.513448+00:00,2026-09-10T08:28:09.782237+00:00,CFG/USDT:USDT,LONG,canasta,10.99,0.1143,0.1148,0.1151001,0.1115568,TP,0.437,0.037085,0.010990,0.480,WIN
2026-09-10T11:33:05.378894+00:00,2026-09-10T11:37:34.053497+00:00,SOLV/USDT:USDT,SHORT,canasta,12.40,0.004432,0.004397,0.004400976,0.004538368,TP,0.790,0.085524,0.012400,0.527,WIN
2026-09-10T11:37:43.318659+00:00,2026-09-10T11:40:20.682111+00:00,SOLV/USDT:USDT,SHORT,canasta,12.40,0.004397,0.004366,0.004366221,0.004502528,TP,0.705,0.075023,0.012400,0.527,WIN
2026-09-10T11:33:52.208619+00:00,2026-09-10T11:57:44.407327+00:00,NEIRO/USDT:USDT,SHORT,canasta,11.63,8.469e-05,8.411e-05,8.409717e-05,8.672256e-05,TP,0.685,0.068018,0.011630,0.480,WIN
2026-09-10T11:57:44.778817+00:00,2026-09-10T12:01:09.752255+00:00,HEMI/USDT:USDT,SHORT,canasta,12.22,0.007335,0.007301,0.007283655,0.00751104,TP,0.464,0.044423,0.012220,0.475,WIN
2026-09-10T11:33:21.237349+00:00,2026-09-10T12:04:31.329104+00:00,ATOM/USDT:USDT,SHORT,canasta,12.00,1.802,1.789,1.789386,1.845248,TP,0.721,0.074570,0.012000,0.501,WIN
2026-09-10T11:53:51.610273+00:00,2026-09-10T12:27:44.428868+00:00,BLESS/USDT:USDT,LONG,canasta,10.88,0.007923,0.008019,0.007978461,0.007732848,TP,1.212,0.120949,0.010880,0.467,WIN
2026-09-10T11:41:47.069074+00:00,2026-09-10T12:34:36.133334+00:00,STX/USDT:USDT,SHORT,canasta,12.49,0.2665,0.2641,0.2646345,0.272896,TP,0.901,0.099990,0.012490,0.508,WIN
2026-09-10T12:19:15.748472+00:00,2026-09-10T12:34:36.579184+00:00,EVAA/USDT:USDT,LONG,canasta,11.43,0.4967,0.4976,0.5001769,0.4847792,TP,0.181,0.009281,0.011430,0.473,WIN
2026-09-10T12:04:43.400492+00:00,2026-09-10T12:35:32.801172+00:00,XMR/USDT:USDT,SHORT,canasta,11.34,507.68,504.05,504.12624,519.86432,TP,0.715,0.069743,0.011340,0.451,WIN
2026-09-10T12:01:21.578491+00:00,2026-09-10T12:38:40.339392+00:00,CAKE/USDT:USDT,SHORT,canasta,11.66,2.1605,2.1447,2.1453765,2.212352,TP,0.731,0.073611,0.011660,0.497,WIN
2026-09-10T12:35:55.699739+00:00,2026-09-10T12:38:54.015889+00:00,ENS/USDT:USDT,SHORT,canasta,11.77,5.669,5.629,5.629317,5.805056,TP,0.706,0.071278,0.011770,0.505,WIN
2026-09-10T12:39:18.071833+00:00,2026-09-10T12:41:21.134887+00:00,HEMI/USDT:USDT,SHORT,canasta,12.51,0.007712,0.00765,0.007658016,0.007897088,TP,0.804,0.088063,0.012510,0.529,WIN
2026-09-10T11:33:05.016449+00:00,2026-09-10T12:47:16.658753+00:00,CFG/USDT:USDT,LONG,canasta,11.11,0.1145,0.1117,0.1153015,0.111752,SL,-2.445,-0.282796,0.011110,0.506,LOSS
2026-09-10T12:38:46.548926+00:00,2026-09-10T12:47:39.124801+00:00,SOL/USDT:USDT,SHORT,canasta,11.42,99.73,98.88,99.03189,102.12352,TP,0.852,0.085913,0.011420,0.457,WIN
2026-09-10T13:05:28.275844+00:00,2026-09-10T13:38:12.454783+00:00,BLESS/USDT:USDT,LONG,canasta,10.98,0.007896,0.007953,0.007951272,0.007706496,TP,0.722,0.068283,0.010980,0.485,WIN
2026-09-10T13:50:51.674018+00:00,2026-09-10T14:03:15.875749+00:00,JTO/USDT:USDT,LONG,canasta,11.20,0.4056,0.4085,0.4084392,0.3958656,TP,0.715,0.068879,0.011200,0.495,WIN
2026-09-10T12:47:40.390816+00:00,2026-09-10T14:20:50.129444+00:00,SYRUP/USDT:USDT,SHORT,canasta,11.66,0.20282,0.2076,0.20140026,0.20768768,SL,-2.357,-0.286459,0.011660,0.478,LOSS
2026-09-11T11:22:04.928480+00:00,2026-09-11T11:24:55.041823+00:00,RIVER/USDT:USDT,LONG,canasta,7.16,1.085,1.078,1.0920525,1.07849,SL,-0.645,-0.053354,0.007160,0.361,LOSS
2026-09-11T11:32:23.073080+00:00,2026-09-11T11:32:32.390574+00:00,BEAT/USDT:USDT,LONG,canasta,8.14,0.0798,0.079,0.0803187,0.0793212,SL,-1.003,-0.089744,0.008140,0.477,LOSS
2026-09-11T11:22:05.286166+00:00,2026-09-11T11:40:03.788492+00:00,ONG/USDT:USDT,SHORT,canasta,8.62,0.08002,0.08055,0.07949987,0.08050012,SL,-0.662,-0.065713,0.008620,0.454,LOSS
2026-09-11T11:22:05.649277+00:00,2026-09-11T11:40:53.319399+00:00,JUP/USDT:USDT,SHORT,canasta,7.98,0.226,0.2274,0.224531,0.227356,SL,-0.619,-0.057414,0.007980,0.435,LOSS
2026-09-11T11:22:06.011236+00:00,2026-09-11T11:42:50.950766+00:00,ENS/USDT:USDT,SHORT,canasta,7.90,5.49,5.523,5.454315,5.52294,SL,-0.601,-0.055386,0.007900,0.426,LOSS
2026-09-11T11:23:55.632145+00:00,2026-09-11T11:44:29.991286+00:00,XMR/USDT:USDT,SHORT,canasta,7.98,507.16,510.42,503.86346,510.20296,SL,-0.643,-0.059275,0.007980,0.445,LOSS
2026-09-11T11:44:30.351892+00:00,2026-09-11T11:45:19.101974+00:00,DOGS/USDT:USDT,SHORT,canasta,8.09,4.93e-05,4.972e-05,4.897955e-05,4.95958e-05,SL,-0.852,-0.077011,0.008090,0.407,LOSS
2026-09-11T11:40:15.783905+00:00,2026-09-11T11:46:25.789069+00:00,SOLV/USDT:USDT,SHORT,canasta,8.27,0.004448,0.004469,0.004419088,0.004474688,SL,-0.472,-0.047315,0.008270,0.447,LOSS
2026-09-11T11:22:37.662246+00:00,2026-09-11T11:46:57.534888+00:00,CFG/USDT:USDT,LONG,canasta,7.47,0.1027,0.1033,0.10336755,0.1020838,TP,0.584,0.036172,0.007470,0.387,WIN
2026-09-11T11:24:58.244797+00:00,2026-09-11T11:48:52.513846+00:00,BTR/USDT:USDT,SHORT,canasta,8.86,0.05201,0.0515,0.051671935,0.05232206,TP,0.981,0.078019,0.008860,0.462,WIN
2026-09-11T11:49:02.336513+00:00,2026-09-11T11:51:17.912892+00:00,BTR/USDT:USDT,SHORT,canasta,8.86,0.05155,0.05188,0.051214925,0.0518593,SL,-0.640,-0.065578,0.008860,0.462,LOSS
2026-09-11T11:50:35.674006+00:00,2026-09-11T11:58:38.532653+00:00,SYRUP/USDT:USDT,SHORT,canasta,8.12,0.21642,0.21485,0.21501327,0.21771852,TP,0.725,0.050786,0.008120,0.436,WIN
2026-09-11T11:41:02.823893+00:00,2026-09-11T11:59:42.267801+00:00,LA/USDT:USDT,SHORT,canasta,8.40,0.06404,0.06362,0.06362374,0.06442424,TP,0.656,0.046691,0.008400,0.497,WIN
2026-09-11T11:51:22.751156+00:00,2026-09-11T12:03:45.984337+00:00,INIT/USDT:USDT,SHORT,canasta,8.08,0.06793,0.06839,0.067488455,0.06833758,SL,-0.677,-0.062795,0.008080,0.493,LOSS
2026-09-11T11:43:11.492633+00:00,2026-09-11T12:07:04.140453+00:00,RAVE/USDT:USDT,LONG,canasta,7.18,0.2096,0.211,0.2109624,0.2083424,TP,0.668,0.040778,0.007180,0.353,WIN
2026-09-11T11:45:19.517522+00:00,2026-09-11T12:24:51.955437+00:00,CAKE/USDT:USDT,SHORT,canasta,7.81,2.128,2.114,2.114168,2.140768,TP,0.658,0.043572,0.007810,0.435,WIN
2026-09-11T12:24:52.986913+00:00,2026-09-11T12:29:41.351564+00:00,MSTR/USDT:USDT,SHORT,canasta,7.50,129.39,130.53,128.54896,130.16634,SL,-0.881,-0.073579,0.007500,0.420,LOSS
2026-09-11T11:58:41.132786+00:00,2026-09-11T12:31:18.687467+00:00,XRP/USDT:USDT,SHORT,canasta,7.86,1.3283,1.3226,1.3196661,1.3362698,TP,0.429,0.025869,0.007860,0.467,WIN
2026-09-11T12:31:29.080543+00:00,2026-09-11T12:32:32.852915+00:00,ICP/USDT:USDT,SHORT,canasta,8.06,2.722,2.742,2.704307,2.738332,SL,-0.735,-0.067281,0.008060,0.412,LOSS
2026-09-11T11:42:55.044087+00:00,2026-09-11T12:32:43.370287+00:00,KAS/USDT:USDT,SHORT,canasta,8.09,0.03423,0.03444,0.034007505,0.03443538,SL,-0.613,-0.057722,0.008090,0.459,LOSS
2026-09-11T12:03:57.384072+00:00,2026-09-11T12:32:47.288442+00:00,POL/USDT:USDT,SHORT,canasta,8.02,0.09303,0.09342,0.092425305,0.09358818,SL,-0.419,-0.041641,0.008020,0.429,LOSS
2026-09-11T12:30:42.044910+00:00,2026-09-11T12:32:50.960866+00:00,MINA/USDT:USDT,SHORT,canasta,9.80,0.0921,0.09254,0.09150135,0.0926526,SL,-0.478,-0.056619,0.009800,0.750,LOSS
2026-09-11T12:32:01.323865+00:00,2026-09-11T12:32:51.254270+00:00,JTO/USDT:USDT,LONG,canasta,7.56,0.4141,0.418,0.41679165,0.4116154,TP,0.942,0.063640,0.007560,0.364,WIN
2026-09-11T12:32:33.788628+00:00,2026-09-11T12:33:13.903871+00:00,VVV/USDT:USDT,SHORT,canasta,8.59,24.609,24.81,24.449042,24.756654,SL,-0.817,-0.078751,0.008590,0.459,LOSS
2026-09-11T12:33:21.147130+00:00,2026-09-11T12:34:08.055303+00:00,CFG/USDT:USDT,LONG,canasta,7.50,0.1045,0.1052,0.10517925,0.103873,TP,0.670,0.042739,0.007500,0.396,WIN
2026-09-11T12:33:21.147130+00:00,2026-09-11T12:34:09.012176+00:00,CFG/USDT:USDT,LONG,canasta,7.50,0.1045,0.1052,0.10517925,0.103873,TP,0.670,0.042739,0.007500,0.396,WIN
2026-09-11T12:33:52.527671+00:00,2026-09-11T12:34:51.560491+00:00,JTO/USDT:USDT,LONG,canasta,7.56,0.4209,0.4237,0.42363585,0.4183746,TP,0.665,0.042732,0.007560,0.364,WIN
2026-09-11T12:34:24.304511+00:00,2026-09-11T12:36:20.520077+00:00,CFG/USDT:USDT,LONG,canasta,7.50,0.1054,0.1061,0.1060851,0.1047676,TP,0.664,0.042310,0.007500,0.396,WIN
2026-09-11T12:37:30.603528+00:00,2026-09-11T12:38:14.481451+00:00,CFG/USDT:USDT,LONG,canasta,7.75,0.1068,0.1062,0.1074942,0.1061592,SL,-0.562,-0.051289,0.007750,0.484,LOSS
2026-09-11T12:34:40.340026+00:00,2026-09-11T12:39:35.873192+00:00,POL/USDT:USDT,SHORT,canasta,8.14,0.0946,0.09526,0.0939851,0.0951676,SL,-0.698,-0.064931,0.008140,0.440,LOSS
2026-09-11T12:41:14.777256+00:00,2026-09-11T12:48:21.687290+00:00,ENS/USDT:USDT,SHORT,canasta,8.12,5.667,5.697,5.6301645,5.701002,SL,-0.529,-0.051106,0.008120,0.470,LOSS
2026-09-11T12:46:30.598172+00:00,2026-09-11T12:48:53.259828+00:00,KAS/USDT:USDT,SHORT,canasta,8.05,0.0352,0.03544,0.0349712,0.0354112,SL,-0.682,-0.062936,0.008050,0.434,LOSS
2026-09-11T12:41:30.978879+00:00,2026-09-11T12:51:46.588607+00:00,FLOCK/USDT:USDT,SHORT,canasta,8.65,0.06113,0.06073,0.060732655,0.06149678,TP,0.654,0.047951,0.008650,0.469,WIN
2026-09-11T12:38:30.342861+00:00,2026-09-11T12:52:43.356091+00:00,VVV/USDT:USDT,SHORT,canasta,8.75,25.398,25.415,25.232913,25.550388,SL,-0.067,-0.014607,0.008750,0.498,LOSS
2026-09-12T12:13:52.301695+00:00,2026-09-12T12:14:56.772997+00:00,APR/USDT:USDT,LONG,canasta,6.94,0.1469,0.1482,0.1479283,0.1433744,TP,0.885,0.054476,0.006940,0.312,WIN
2026-09-12T12:39:51.408895+00:00,2026-09-12T12:43:15.737658+00:00,APR/USDT:USDT,LONG,canasta,10.17,0.1489,0.15,0.1499423,0.1453264,TP,0.739,0.064961,0.010170,0.372,WIN
2026-09-12T12:43:33.045272+00:00,2026-09-12T12:45:12.223643+00:00,MINA/USDT:USDT,SHORT,canasta,13.47,0.10983,0.10883,0.10906119,0.11246592,TP,0.910,0.109174,0.013470,0.629,WIN
2026-09-12T12:40:24.187894+00:00,2026-09-12T12:47:11.033998+00:00,MET/USDT:USDT,SHORT,canasta,12.15,0.2446,0.2424,0.2428878,0.2504704,TP,0.899,0.097130,0.012150,0.519,WIN
2026-09-12T12:45:23.616171+00:00,2026-09-12T12:49:17.997019+00:00,ETHFI/USDT:USDT,SHORT,canasta,11.90,0.7641,0.7586,0.7587513,0.7824384,TP,0.720,0.073756,0.011900,0.439,WIN
2026-09-12T12:39:50.972068+00:00,2026-09-12T13:01:50.827784+00:00,ESPORTS/USDT:USDT,LONG,canasta,10.29,0.01097,0.01105,0.01104679,0.01070672,TP,0.729,0.064751,0.010290,0.324,WIN
2026-09-12T13:05:19.246658+00:00,2026-09-12T13:05:45.420304+00:00,MET/USDT:USDT,SHORT,canasta,11.84,0.2435,0.2416,0.2417955,0.249344,TP,0.780,0.080546,0.011840,0.451,WIN
2026-09-12T13:05:51.047343+00:00,2026-09-12T13:06:37.122543+00:00,MET/USDT:USDT,SHORT,canasta,11.84,0.2418,0.2413,0.2401074,0.2476032,TP,0.207,0.012643,0.011840,0.451,WIN
2026-09-12T13:06:38.421594+00:00,2026-09-12T13:06:40.674293+00:00,MET/USDT:USDT,SHORT,canasta,11.84,0.2413,0.2391,0.2396109,0.2470912,TP,0.912,0.096109,0.011840,0.451,WIN
2026-09-12T12:39:51.844826+00:00,2026-09-12T13:18:48.853082+00:00,TREE/USDT:USDT,SHORT,canasta,11.77,0.04275,0.04385,0.04245075,0.043776,SL,-2.573,-0.314624,0.011770,0.444,LOSS
2026-09-12T12:39:50.533933+00:00,2026-09-12T13:56:39.941044+00:00,CFG/USDT:USDT,LONG,canasta,10.80,0.1071,0.1079,0.1078497,0.1045296,TP,0.747,0.069872,0.010800,0.440,WIN
2026-09-12T12:51:54.877778+00:00,2026-09-12T14:45:17.718527+00:00,PYTH/USDT:USDT,SHORT,canasta,11.15,0.05316,0.0545,0.05278788,0.05443584,SL,-2.521,-0.292207,0.011150,0.445,LOSS
2026-09-12T13:12:07.564199+00:00,2026-09-12T14:52:42.800259+00:00,AERO/USDT:USDT,SHORT,canasta,11.46,0.5747,0.5702,0.5706771,0.5884928,TP,0.783,0.078274,0.011460,0.426,WIN
2026-09-12T12:43:16.468923+00:00,2026-09-12T14:56:29.705738+00:00,APR/USDT:USDT,LONG,canasta,10.17,0.15,0.1463,0.15105,0.1464,SL,-2.467,-0.261030,0.010170,0.372,LOSS
2026-09-12T14:45:18.171970+00:00,2026-09-12T15:34:07.297696+00:00,MINA/USDT:USDT,SHORT,canasta,12.93,0.11206,0.11121,0.11127558,0.11474944,TP,0.759,0.085147,0.012930,0.508,WIN
2026-09-12T13:49:38.849085+00:00,2026-09-12T15:49:29.091163+00:00,NEAR/USDT:USDT,SHORT,canasta,11.23,2.359,2.415,2.342487,2.415616,SL,-2.374,-0.277818,0.011230,0.425,LOSS
2026-09-12T15:40:03.852905+00:00,2026-09-12T15:50:48.593698+00:00,ESPORTS/USDT:USDT,LONG,canasta,10.42,0.01108,0.01116,0.01115756,0.01081408,TP,0.722,0.064815,0.010420,0.345,WIN
2026-09-12T15:39:47.452050+00:00,2026-09-12T16:10:23.233256+00:00,FLOCK/USDT:USDT,SHORT,canasta,12.20,0.07236,0.07392,0.07185348,0.07409664,SL,-2.156,-0.275218,0.012200,0.419,LOSS
2026-09-12T16:47:11.654289+00:00,2026-09-12T17:12:56.086909+00:00,ZRO/USDT:USDT,SHORT,canasta,11.11,1.0432,1.0351,1.0358976,1.0682368,TP,0.776,0.075154,0.011110,0.443,WIN
2026-09-12T15:45:16.303118+00:00,2026-09-12T19:21:56.353632+00:00,TREE/USDT:USDT,SHORT,canasta,11.74,0.04306,0.04412,0.04275858,0.04409344,SL,-2.462,-0.300741,0.011740,0.447,LOSS
2026-09-12T16:31:17.257496+00:00,2026-09-12T19:33:21.230164+00:00,LA/USDT:USDT,SHORT,canasta,11.83,0.06434,0.06388,0.06388962,0.06588416,TP,0.715,0.072749,0.011830,0.459,WIN
2026-09-12T19:22:04.502438+00:00,2026-09-12T19:35:58.830458+00:00,REZ/USDT:USDT,SHORT,canasta,12.53,0.003853,0.003952,0.003826029,0.003945472,SL,-2.569,-0.334479,0.012530,0.564,LOSS
2026-09-12T19:36:12.646848+00:00,2026-09-12T19:42:12.583024+00:00,ILV/USDT:USDT,SHORT,canasta,11.86,3.69,3.769,3.66417,3.77856,SL,-2.141,-0.265773,0.011860,0.455,LOSS
2026-09-12T15:50:54.908839+00:00,2026-09-12T20:30:17.455592+00:00,ESPORTS/USDT:USDT,LONG,canasta,10.45,0.01116,0.01089,0.01123812,0.01089216,SL,-2.419,-0.263273,0.010450,0.350,LOSS
2026-09-12T17:16:09.350237+00:00,2026-09-12T21:17:10.560636+00:00,KAVA/USDT:USDT,SHORT,canasta,12.24,0.07041,0.07209,0.06991713,0.07209984,SL,-2.386,-0.304289,0.012240,0.531,LOSS
2026-09-12T20:40:50.755198+00:00,2026-09-12T21:35:51.705730+00:00,APR/USDT:USDT,LONG,canasta,9.87,0.1499,0.15,0.1509493,0.1463024,CIERRE_MANUAL,0.067,-0.003286,0.009870,0.307,LOSS
2026-09-12T19:59:22.106581+00:00,2026-09-12T21:35:51.803756+00:00,NEAR/USDT:USDT,SHORT,canasta,11.40,2.339,2.353,2.322627,2.395136,CIERRE_MANUAL,-0.599,-0.079634,0.011400,0.469,LOSS
2026-09-12T19:33:35.732114+00:00,2026-09-12T21:35:51.912473+00:00,AERO/USDT:USDT,SHORT,canasta,11.39,0.5638,0.5648,0.5598534,0.5773312,CIERRE_MANUAL,-0.177,-0.031592,0.011390,0.422,LOSS
2026-09-12T21:25:10.717154+00:00,2026-09-12T21:35:52.010935+00:00,GRT/USDT:USDT,SHORT,canasta,10.94,0.0181,0.01809,0.0179733,0.0185344,CIERRE_MANUAL,0.055,-0.004896,0.010940,0.405,LOSS
2026-09-12T13:19:40.012993+00:00,2026-09-12T21:35:52.110992+00:00,ROBO/USDT:USDT,LONG,canasta,10.57,0.00929,0.00923,0.00935503,0.00906704,CIERRE_MANUAL,-0.646,-0.078837,0.010570,0.325,LOSS
2026-09-12T15:35:24.197877+00:00,2026-09-12T21:35:52.211325+00:00,EDEN/USDT:USDT,LONG,canasta,10.06,0.05031,0.04974,0.05066217,0.04910256,CIERRE_MANUAL,-1.133,-0.124037,0.010060,0.316,LOSS
2026-09-12T22:01:04.166431+00:00,2026-09-12T22:05:53.791745+00:00,ON/USDT:USDT,LONG,canasta,60.58,0.139,0.1396,0.139973,0.135664,TP_GRUPAL,0.432,0.200916,0.060580,0.433,WIN
2026-09-12T22:01:04.166533+00:00,2026-09-12T22:05:53.797645+00:00,HEMI/USDT:USDT,SHORT,canasta,61.91,0.007092,0.007028,0.007042356,0.007262208,TP_GRUPAL,0.902,0.496781,0.061910,0.421,WIN
2026-09-12T22:05:53.811063+00:00,2026-09-12T22:46:37.615722+00:00,HEMI/USDT:USDT,SHORT,canasta,61.91,0.007092,0.007001,0.007042356,0.007262208,TP_GRUPAL,1.283,0.732479,0.061910,0.421,WIN
2026-09-12T22:35:58.971561+00:00,2026-09-12T22:46:37.620923+00:00,CFG/USDT:USDT,LONG,canasta,53.72,0.1079,0.108,0.1086553,0.1053104,TP_GRUPAL,0.093,-0.003933,0.053720,0.427,LOSS
2026-09-12T22:46:37.631107+00:00,2026-09-12T22:46:52.781307+00:00,HEMI/USDT:USDT,SHORT,canasta,61.92,0.007096,0.006997,0.007046328,0.007266304,TP_GRUPAL,1.395,0.801958,0.061920,0.421,WIN
2026-09-12T22:46:52.787373+00:00,2026-09-12T22:47:07.922853+00:00,HEMI/USDT:USDT,SHORT,canasta,61.92,0.007096,0.007001,0.007046328,0.007266304,TP_GRUPAL,1.339,0.767054,0.061920,0.421,WIN
2026-09-12T22:47:07.929500+00:00,2026-09-12T22:47:23.350345+00:00,HEMI/USDT:USDT,SHORT,canasta,61.92,0.007096,0.007,0.007046328,0.007266304,TP_GRUPAL,1.353,0.775780,0.061920,0.421,WIN
2026-09-13T21:55:57.531316+00:00,2026-09-13T22:02:51.872326+00:00,AERO/USDT:USDT,SHORT,canasta,22.81,0.5683,0.5646,0.5648902,0.5700049,TP_TRAILING,0.651,0.125698,0.022810,0.436,WIN
2026-09-13T22:03:59.635547+00:00,2026-09-13T22:04:14.839162+00:00,PYTH/USDT:USDT,SHORT,canasta,23.06,0.05634,0.05632,0.05600196,0.05650902,CIERRE_MANUAL,0.035,-0.014874,0.023060,0.487,LOSS
2026-09-13T22:01:23.410040+00:00,2026-09-13T22:04:14.916190+00:00,PUNDIX/USDT:USDT,SHORT,canasta,23.44,0.10912,0.1086,0.10846528,0.10944736,CIERRE_MANUAL,0.477,0.088261,0.023440,0.440,WIN
2026-09-13T22:02:56.781786+00:00,2026-09-13T22:04:14.993061+00:00,AERO/USDT:USDT,SHORT,canasta,22.81,0.565,0.5634,0.56161,0.566695,CIERRE_MANUAL,0.283,0.041785,0.022810,0.436,WIN
2026-09-13T21:58:00.413784+00:00,2026-09-13T22:04:15.071666+00:00,DOT/USDT:USDT,SHORT,canasta,22.76,1.0189,1.008,1.0127866,1.0219567,CIERRE_MANUAL,1.070,0.220722,0.022760,0.449,WIN
2026-09-13T21:54:40.519611+00:00,2026-09-13T22:04:15.150066+00:00,POWR/USDT:USDT,SHORT,canasta,24.39,0.05955,0.05926,0.0591927,0.05972865,CIERRE_MANUAL,0.487,0.094386,0.024390,0.494,WIN
2026-09-13T22:19:04.355264+00:00,2026-09-13T22:19:19.593923+00:00,GRT/USDT:USDT,SHORT,canasta,22.16,0.01819,0.01818,0.01808086,0.01824457,CIERRE_MANUAL,0.055,-0.009977,0.022160,0.433,LOSS
2026-09-13T22:18:48.291813+00:00,2026-09-13T22:19:19.673019+00:00,POWR/USDT:USDT,SHORT,canasta,24.35,0.05904,0.05898,0.05868576,0.05921712,CIERRE_MANUAL,0.102,0.000396,0.024350,0.494,WIN
2026-09-13T22:17:45.878072+00:00,2026-09-13T22:19:19.751074+00:00,ZRX/USDT:USDT,SHORT,canasta,23.16,0.1094,0.1087,0.1087436,0.1097282,CIERRE_MANUAL,0.640,0.125030,0.023160,0.457,WIN
2026-09-13T22:17:29.443378+00:00,2026-09-13T22:19:19.828434+00:00,AERO/USDT:USDT,SHORT,canasta,22.76,0.5585,0.5584,0.555149,0.5601755,CIERRE_MANUAL,0.018,-0.018685,0.022760,0.436,LOSS
2026-09-13T22:17:28.807515+00:00,2026-09-13T22:19:19.905606+00:00,PUNDIX/USDT:USDT,SHORT,canasta,23.42,0.10719,0.10699,0.10654686,0.10751157,CIERRE_MANUAL,0.187,0.020278,0.023420,0.440,WIN
2026-09-13T22:34:11.262233+00:00,2026-09-13T22:34:24.682495+00:00,ZRX/USDT:USDT,SHORT,canasta,23.21,0.1083,0.1087,0.1076502,0.1086249,SL,-0.369,-0.108935,0.023210,0.468,LOSS
2026-09-13T22:34:10.130586+00:00,2026-09-13T22:34:40.690117+00:00,CVC/USDT:USDT,SHORT,canasta,25.82,0.03283,0.03296,0.03263302,0.03292849,SL,-0.396,-0.128062,0.025820,0.553,LOSS
2026-09-13T22:34:10.689452+00:00,2026-09-13T22:34:50.439993+00:00,PUNDIX/USDT:USDT,SHORT,canasta,23.59,0.10598,0.10639,0.10534412,0.10629794,SL,-0.387,-0.114852,0.023590,0.469,LOSS
2026-09-13T22:34:43.177155+00:00,2026-09-13T22:34:59.990132+00:00,CVC/USDT:USDT,SHORT,canasta,25.82,0.03296,0.03308,0.03276224,0.03305888,SL,-0.364,-0.119825,0.025820,0.553,LOSS
2026-09-13T22:35:14.474836+00:00,2026-09-13T22:35:30.099505+00:00,CVC/USDT:USDT,SHORT,canasta,25.82,0.03304,0.03314,0.03284176,0.03313912,SL,-0.303,-0.103968,0.025820,0.553,LOSS
2026-09-13T22:35:30.750927+00:00,2026-09-13T22:36:13.929389+00:00,CVC/USDT:USDT,SHORT,canasta,25.82,0.03314,0.03334,0.03294116,0.03323942,SL,-0.604,-0.181644,0.025820,0.553,LOSS
2026-09-13T22:50:47.032776+00:00,2026-09-13T22:54:51.706215+00:00,POWR/USDT:USDT,SHORT,canasta,24.36,0.0592,0.05916,0.0588448,0.0593776,SL,0.068,-0.007901,0.024360,0.494,LOSS
2026-09-13T23:01:59.186755+00:00,2026-09-13T23:02:29.918094+00:00,CVC/USDT:USDT,SHORT,canasta,25.80,0.03136,0.03144,0.03117184,0.03145408,SL,-0.255,-0.091616,0.025800,0.549,LOSS
2026-09-13T22:42:06.402417+00:00,2026-09-13T23:03:20.402611+00:00,GRT/USDT:USDT,SHORT,canasta,22.49,0.01813,0.01819,0.01802122,0.01818439,SL,-0.331,-0.096919,0.022490,0.474,LOSS
2026-09-13T23:02:30.487053+00:00,2026-09-13T23:03:39.127856+00:00,CVC/USDT:USDT,SHORT,canasta,25.80,0.03153,0.03125,0.03134082,0.03162459,TP_TRAILING,0.888,0.203315,0.025800,0.549,WIN
2026-09-13T23:03:41.657227+00:00,2026-09-13T23:03:48.515910+00:00,CVC/USDT:USDT,SHORT,canasta,25.80,0.03125,0.03134,0.0310625,0.03134375,SL,-0.288,-0.100104,0.025800,0.549,LOSS
2026-09-13T23:21:19.048878+00:00,2026-09-13T23:21:30.408805+00:00,CVC/USDT:USDT,SHORT,canasta,24.72,0.03155,0.03182,0.0313607,0.03164465,SL,-0.856,-0.236270,0.024720,0.451,LOSS
2026-09-13T23:18:19.180124+00:00,2026-09-13T23:25:03.699661+00:00,XRP/USDT:USDT,SHORT,canasta,22.36,1.3383,1.3423,1.3302702,1.3423149,SL,-0.299,-0.089191,0.022360,0.444,LOSS
2026-09-13T23:29:05.021736+00:00,2026-09-13T23:33:53.338815+00:00,ONG/USDT:USDT,SHORT,canasta,24.53,0.07735,0.07762,0.0768859,0.07758205,SL,-0.349,-0.110155,0.024530,0.460,LOSS
2026-09-14T01:32:13.326897+00:00,2026-09-14T01:43:54.193539+00:00,RIVER/USDT:USDT,LONG,canasta,7.34,1.147,1.168,1.161911,1.072445,TP_TRAILING,1.831,0.127045,0.007340,0.343,WIN
2026-09-14T01:29:04.632067+00:00,2026-09-14T02:02:42.437512+00:00,JTO/USDT:USDT,LONG,canasta,7.84,0.424,0.4284,0.429512,0.39644,TP_TRAILING,1.038,0.073518,0.007840,0.501,WIN
2026-09-14T01:23:55.559141+00:00,2026-09-14T02:21:21.086148+00:00,CVC/USDT:USDT,SHORT,canasta,9.45,0.0317,0.03127,0.0312879,0.0337605,TP_TRAILING,1.356,0.118736,0.009450,0.733,WIN
2026-09-14T02:21:28.347511+00:00,2026-09-14T02:23:34.310197+00:00,CVC/USDT:USDT,SHORT,canasta,8.98,0.03135,0.03093,0.03094245,0.03338775,TP_TRAILING,1.340,0.111326,0.008980,0.581,WIN
2026-09-14T02:23:35.913055+00:00,2026-09-14T02:30:47.189287+00:00,POWR/USDT:USDT,SHORT,canasta,8.48,0.06077,0.05945,0.05997999,0.06472005,TP_TRAILING,2.172,0.175716,0.008480,0.533,WIN
2026-09-14T01:32:12.764833+00:00,2026-09-14T02:34:23.508780+00:00,KAITO/USDT:USDT,LONG,canasta,7.48,0.3015,0.3053,0.3054195,0.2819025,CIERRE_MANUAL,1.260,0.086795,0.007480,0.312,WIN
2026-09-14T01:57:44.076968+00:00,2026-09-14T04:38:38.849731+00:00,XPIN/USDT:USDT,LONG,canasta,7.18,0.000762,0.00078,0.000771906,0.00071247,TP_TRAILING,2.362,0.162426,0.007180,0.277,WIN
2026-09-14T04:38:40.932936+00:00,2026-09-14T06:23:01.454993+00:00,XPIN/USDT:USDT,LONG,canasta,7.31,0.000782,0.0008,0.000792166,0.00073117,TP_TRAILING,2.302,0.160951,0.007310,0.322,WIN
2026-09-14T06:21:36.251925+00:00,2026-09-14T07:13:04.865778+00:00,BANK/USDT:USDT,LONG,canasta,7.59,0.02827,0.02857,0.02863751,0.02643245,TP_TRAILING,1.061,0.072955,0.007590,0.304,WIN
2026-09-14T04:27:33.287375+00:00,2026-09-14T07:43:24.798943+00:00,RIVER/USDT:USDT,LONG,canasta,7.47,1.214,1.23,1.229782,1.13509,TP_TRAILING,1.318,0.090981,0.007470,0.383,WIN
2026-09-14T07:24:12.678815+00:00,2026-09-14T08:59:33.227791+00:00,BANK/USDT:USDT,LONG,canasta,7.49,0.0288,0.02914,0.0291744,0.026928,TP_TRAILING,1.181,0.080934,0.007490,0.259,WIN
2026-09-14T02:30:58.789050+00:00,2026-09-14T09:28:36.997898+00:00,IOTA/USDT:USDT,SHORT,canasta,8.36,0.04178,0.04116,0.04123686,0.0444957,TP_TRAILING,1.484,0.115699,0.008360,0.494,WIN
2026-09-14T09:28:49.604919+00:00,2026-09-14T09:37:26.872296+00:00,VTHO/USDT:USDT,SHORT,canasta,8.82,0.0007529,0.0007364,0.0007431123,0.0008018385,TP_TRAILING,2.192,0.184473,0.008820,0.432,WIN
2026-09-14T04:24:07.850786+00:00,2026-09-14T10:25:07.598652+00:00,KAITO/USDT:USDT,LONG,canasta,7.70,0.3046,0.3005,0.3085598,0.284801,CIERRE_MANUAL,-1.346,-0.111344,0.007700,0.373,LOSS
2026-09-14T01:33:01.362343+00:00,2026-09-14T10:25:07.693199+00:00,SOL/USDT:USDT,SHORT,canasta,8.64,99.38,101.71,98.08806,105.8397,CIERRE_MANUAL,-2.345,-0.211208,0.008640,0.707,LOSS
2026-09-14T09:39:42.889512+00:00,2026-09-14T10:25:07.793598+00:00,CVC/USDT:USDT,SHORT,canasta,8.84,0.03526,0.03523,0.03480162,0.0375519,CIERRE_MANUAL,0.085,-0.001319,0.008840,0.505,LOSS
2026-09-14T01:23:56.116434+00:00,2026-09-14T10:25:07.909263+00:00,XRP/USDT:USDT,SHORT,canasta,8.06,1.3418,1.3968,1.3243566,1.429017,CIERRE_MANUAL,-4.099,-0.338437,0.008060,0.520,LOSS
2026-09-14T05:35:54.585699+00:00,2026-09-14T10:25:08.012138+00:00,JTO/USDT:USDT,LONG,canasta,7.79,0.4393,0.4366,0.4450109,0.4107455,CIERRE_MANUAL,-0.615,-0.055668,0.007790,0.467,LOSS
2026-09-14T01:29:05.201448+00:00,2026-09-14T10:25:08.110031+00:00,ZRO/USDT:USDT,SHORT,canasta,15.87,1.0173276,1.0326,1.0041023,1.0834539,CIERRE_MANUAL,-1.501,-0.254120,0.015870,0.522,LOSS
2026-09-14T01:26:14.882984+00:00,2026-09-14T10:25:08.210822+00:00,STX/USDT:USDT,SHORT,canasta,8.81,0.2656,0.2717,0.2621472,0.282864,CIERRE_MANUAL,-2.297,-0.211148,0.008810,0.513,LOSS
2026-09-14T10:25:10.165668+00:00,2026-09-14T10:33:29.564999+00:00,POWR/USDT:USDT,SHORT,canasta,8.62,0.06034,0.05961,0.05955558,0.0642621,TP_TRAILING,1.210,0.095666,0.008620,0.573,WIN
2026-09-14T10:51:29.404116+00:00,2026-09-14T10:52:16.154909+00:00,T/USDT:USDT,SHORT,canasta,8.59,0.005561,0.005446,0.005488707,0.005922465,TP_TRAILING,2.068,0.169049,0.008590,0.473,WIN
2026-09-14T10:52:16.732427+00:00,2026-09-14T11:01:11.444240+00:00,T/USDT:USDT,SHORT,canasta,8.59,0.005446,0.005388,0.005375202,0.00579999,TP_TRAILING,1.065,0.082894,0.008590,0.473,WIN
2026-09-14T11:25:38.779513+00:00,2026-09-14T11:30:59.450525+00:00,RIVER/USDT:USDT,LONG,canasta,7.50,1.228,1.242,1.243964,1.14818,TP_TRAILING,1.140,0.078005,0.007500,0.390,WIN
2026-09-14T11:43:56.663341+00:00,2026-09-14T11:52:02.736585+00:00,XPIN/USDT:USDT,LONG,canasta,7.04,0.000781,0.000791,0.000791153,0.000730235,TP_TRAILING,1.280,0.083101,0.007040,0.256,WIN
2026-09-14T11:36:02.056098+00:00,2026-09-14T11:54:06.686656+00:00,POWR/USDT:USDT,SHORT,canasta,8.50,0.06037,0.05944,0.05958519,0.06429405,TP_TRAILING,1.541,0.122443,0.008500,0.540,WIN
2026-09-14T11:10:08.141817+00:00,2026-09-14T12:13:26.648136+00:00,BB/USDT:USDT,LONG,canasta,6.80,0.00815,0.00825,0.00825595,0.00762025,TP_TRAILING,1.227,0.076636,0.006800,0.275,WIN
2026-09-14T10:32:19.471356+00:00,2026-09-14T12:43:45.854583+00:00,PYTH/USDT:USDT,SHORT,canasta,8.03,0.05574,0.05512,0.05501538,0.0593631,TP_TRAILING,1.112,0.081288,0.008030,0.456,WIN
2026-09-14T12:14:00.787836+00:00,2026-09-14T12:49:17.994458+00:00,PUNDIX/USDT:USDT,SHORT,canasta,8.12,0.11212,0.11005,0.11066244,0.1194078,TP_TRAILING,1.846,0.141794,0.008120,0.439,WIN
2026-09-14T12:43:48.879273+00:00,2026-09-14T13:08:00.349639+00:00,REZ/USDT:USDT,SHORT,canasta,8.72,0.004301,0.004174,0.004245087,0.004580565,TP_TRAILING,2.953,0.248764,0.008720,0.499,WIN
2026-09-14T10:25:09.194605+00:00,2026-09-14T13:10:23.373864+00:00,ONG/USDT:USDT,SHORT,canasta,8.73,0.07665,0.07571,0.07565355,0.08163225,TP_TRAILING,1.226,0.098331,0.008730,0.506,WIN
2026-09-14T10:27:24.279066+00:00,2026-09-14T13:10:34.121148+00:00,NEIRO/USDT:USDT,SHORT,canasta,8.25,8.314e-05,8.178e-05,8.205918e-05,8.85441e-05,TP_TRAILING,1.636,0.126703,0.008250,0.500,WIN
2026-09-14T12:13:30.262512+00:00,2026-09-14T13:11:48.951610+00:00,BB/USDT:USDT,LONG,canasta,6.80,0.00826,0.00836,0.00836738,0.0077231,TP_TRAILING,1.211,0.075524,0.006800,0.275,WIN
2026-09-14T13:32:01.756192+00:00,2026-09-14T14:11:39.131439+00:00,REZ/USDT:USDT,SHORT,canasta,8.48,0.004216,0.004492,0.004161192,0.00449004,SL,-6.546,-0.563622,0.008480,0.435,LOSS
2026-09-14T13:47:21.751875+00:00,2026-09-14T14:15:58.044157+00:00,JTO/USDT:USDT,LONG,canasta,7.73,0.4397,0.4458,0.4454161,0.4111195,TP_TRAILING,1.387,0.099509,0.007730,0.447,WIN
2026-09-14T13:28:55.958876+00:00,2026-09-14T14:42:12.240182+00:00,POWR/USDT:USDT,SHORT,canasta,8.08,0.05875,0.05809,0.05798625,0.06256875,TP_TRAILING,1.123,0.082691,0.008080,0.425,WIN
2026-09-14T15:14:51.337013+00:00,2026-09-14T16:32:37.620186+00:00,JTO/USDT:USDT,LONG,canasta,7.72,0.4391,0.4516,0.4448083,0.4105585,TP_TRAILING,2.847,0.212048,0.007720,0.444,WIN
2026-09-14T13:23:33.073433+00:00,2026-09-14T16:37:50.643419+00:00,ON/USDT:USDT,LONG,canasta,7.03,0.1416,0.1439,0.1434408,0.132396,TP_TRAILING,1.624,0.107158,0.007030,0.271,WIN
2026-09-14T12:54:52.806164+00:00,2026-09-14T23:39:49.128231+00:00,NEAR/USDT:USDT,SHORT,canasta,22.47,2.4963333,2.471,2.463881,2.658595,CIERRE_MANUAL,1.015,0.205533,0.022467,0.439,WIN
2026-09-14T14:13:29.466561+00:00,2026-09-15T00:03:25.454548+00:00,MTL/USDT:USDT,SHORT,canasta,16.25,0.31253462,0.3088,0.30847167,0.33284937,TP_TRAILING,1.195,0.177948,0.016252,0.463,WIN
2026-09-14T13:27:18.117667+00:00,2026-09-15T00:08:06.840976+00:00,NEIRO/USDT:USDT,SHORT,canasta,16.16,8.3567898e-05,8.287e-05,8.2481516e-05,8.8999812e-05,CIERRE_MANUAL,0.835,0.118805,0.016161,0.465,WIN
2026-09-14T23:39:50.381590+00:00,2026-09-15T00:10:29.988725+00:00,FIL/USDT:USDT,SHORT,canasta,8.18,0.9392,0.9296,0.9269904,1.000248,TP_TRAILING,1.022,0.075432,0.008180,0.453,WIN
2026-09-15T00:10:30.928782+00:00,2026-09-15T00:18:53.170910+00:00,REZ/USDT:USDT,SHORT,canasta,8.66,0.004041,0.003983,0.003988467,0.004303665,TP_TRAILING,1.435,0.115636,0.008660,0.505,WIN
2026-09-15T00:04:24.413671+00:00,2026-09-15T00:21:00.626145+00:00,CVC/USDT:USDT,SHORT,canasta,8.76,0.03153,0.03109,0.03112011,0.03357945,TP_TRAILING,1.395,0.113485,0.008760,0.500,WIN
2026-09-15T00:21:23.063353+00:00,2026-09-15T00:45:28.390487+00:00,T/USDT:USDT,SHORT,canasta,8.52,0.004957,0.005289,0.004892559,0.005279205,SL,-6.698,-0.579155,0.008520,0.489,LOSS
2026-09-15T00:45:37.457700+00:00,2026-09-15T01:03:03.233745+00:00,POLYX/USDT:USDT,SHORT,canasta,8.40,0.04172,0.04014,0.04117764,0.0444318,TP_TRAILING,3.787,0.309721,0.008400,0.468,WIN
2026-09-15T00:29:18.762594+00:00,2026-09-15T01:59:33.818492+00:00,XPIN/USDT:USDT,LONG,canasta,6.81,0.000851,0.000865,0.000862063,0.000795685,TP_TRAILING,1.645,0.105223,0.006810,0.262,WIN
2026-09-15T03:34:52.841336+00:00,2026-09-15T04:01:45.841291+00:00,CVC/USDT:USDT,SHORT,canasta,8.77,0.03184,0.03161,0.0313624,0.0398,TP_TRAILING,0.722,0.054581,0.008770,0.499,WIN
2026-09-15T04:02:05.141923+00:00,2026-09-15T04:14:55.138016+00:00,CVC/USDT:USDT,SHORT,canasta,9.02,0.0317,0.03116,0.0312245,0.039625,TP_TRAILING,1.703,0.144633,0.009020,0.547,WIN
2026-09-15T04:14:56.411844+00:00,2026-09-15T06:36:18.579140+00:00,CVC/USDT:USDT,SHORT,canasta,8.74,0.03116,0.03081,0.0306926,0.03895,TP_TRAILING,1.123,0.089431,0.008740,0.485,WIN
2026-09-15T03:34:51.175378+00:00,2026-09-15T07:21:28.456165+00:00,RIVER/USDT:USDT,LONG,canasta,7.53,1.225,1.247,1.243375,0.91875,TP_TRAILING,1.796,0.127703,0.007530,0.411,WIN
2026-09-15T07:31:25.495976+00:00,2026-09-15T07:55:22.777837+00:00,XPIN/USDT:USDT,LONG,canasta,6.85,0.000849,0.00086,0.000861735,0.00063675,TP_TRAILING,1.296,0.081901,0.006850,0.273,WIN
2026-09-15T03:34:51.885908+00:00,2026-09-15T08:20:23.653398+00:00,STX/USDT:USDT,SHORT,canasta,8.87,0.2628,0.2599,0.258858,0.3285,TP_TRAILING,1.104,0.089011,0.008870,0.538,WIN
2026-09-15T06:36:29.134903+00:00,2026-09-15T09:40:18.801440+00:00,CVC/USDT:USDT,SHORT,canasta,8.89,0.03082,0.03016,0.0303577,0.038525,TP_TRAILING,2.141,0.181486,0.008890,0.539,WIN
2026-09-15T09:40:22.358771+00:00,2026-09-15T10:06:27.646769+00:00,VTHO/USDT:USDT,SHORT,canasta,8.65,0.0007289,0.0007125,0.0007179665,0.000911125,TP_TRAILING,2.250,0.185972,0.008650,0.429,WIN
2026-09-15T12:47:07.565247+00:00,2026-09-15T13:15:31.897477+00:00,REZ/USDT:USDT,SHORT,canasta,8.30,0.003679,0.003627,0.003623815,0.0044148,TP_TRAILING,1.413,0.108964,0.008296,0.000,WIN
2026-09-15T13:20:33.933133+00:00,2026-09-15T13:58:46.341908+00:00,VTHO/USDT:USDT,SHORT,canasta,8.78,0.0007861,0.0007735,0.0007743085,0.00094332,TP_TRAILING,1.603,0.131950,0.008780,0.444,WIN
2026-09-15T12:47:07.565250+00:00,2026-09-15T14:55:48.957627+00:00,POWR/USDT:USDT,SHORT,canasta,25.06,0.061425294,0.0609,0.060503915,0.073710353,CIERRE_MANUAL,0.855,0.189258,0.025062,0.000,WIN
2026-09-15T13:59:45.793579+00:00,2026-09-15T15:51:33.010051+00:00,ASTR/USDT:USDT,SHORT,canasta,8.10,0.006924,0.006805,0.00682014,0.0083088,TP_TRAILING,1.719,0.131111,0.008100,0.430,WIN
2026-09-15T15:51:49.989230+00:00,2026-09-15T16:00:37.452725+00:00,ASTR/USDT:USDT,SHORT,canasta,8.12,0.00685,0.006765,0.00674725,0.00822,TP_TRAILING,1.241,0.092639,0.008120,0.433,WIN
2026-09-15T14:55:51.481902+00:00,2026-09-15T18:37:51.954777+00:00,STX/USDT:USDT,SHORT,canasta,8.48,0.2543,0.2526,0.2504855,0.30516,TP_TRAILING,0.669,0.048209,0.008480,0.432,WIN
2026-09-15T16:01:19.897903+00:00,2026-09-15T18:50:33.114980+00:00,ASTR/USDT:USDT,SHORT,canasta,8.10,0.006765,0.006673,0.006663525,0.008118,TP_TRAILING,1.360,0.102055,0.008100,0.433,WIN
2026-09-15T18:50:47.322323+00:00,2026-09-15T20:32:25.959659+00:00,STX/USDT:USDT,SHORT,canasta,8.67,0.2448,0.2424,0.241128,0.29376,TP_TRAILING,0.980,0.076330,0.008670,0.515,WIN
2026-09-15T20:32:39.777457+00:00,2026-09-15T22:21:52.089199+00:00,ASTR/USDT:USDT,SHORT,canasta,8.13,0.006777,0.006707,0.006675345,0.0081324,TP_TRAILING,1.033,0.075845,0.008130,0.445,WIN
2026-09-16T03:37:33.121327+00:00,2026-09-16T04:31:28.581899+00:00,PUNDIX/USDT:USDT,SHORT,canasta,32.43,0.11580421,0.11419,0.11406715,0.15054548,TP_TRAILING,1.394,0.419555,0.032425,0.000,WIN
2026-09-16T03:37:33.121324+00:00,2026-09-16T07:34:53.433432+00:00,POWR/USDT:USDT,SHORT,canasta,8.25,0.06111,0.05991,0.06019335,0.079443,TP_TRAILING,1.964,0.153750,0.008250,0.000,WIN
2026-09-16T04:36:31.385143+00:00,2026-09-16T08:56:27.817407+00:00,XRP/USDT:USDT,SHORT,canasta,8.04,1.3083,1.284,1.2886755,1.70079,TP_TRAILING,1.857,0.141293,0.008040,0.451,WIN
2026-09-16T07:40:53.510640+00:00,2026-09-16T10:03:10.649499+00:00,PUNDIX/USDT:USDT,SHORT,canasta,16.54,0.11987232,0.11834,0.11807423,0.15583401,TP_TRAILING,1.278,0.194918,0.016542,0.425,WIN
2026-09-16T10:58:44.944364+00:00,2026-09-16T13:37:42.503897+00:00,CVC/USDT:USDT,SHORT,canasta,8.32,0.02711,0.02669,0.02670335,0.035243,TP_TRAILING,1.549,0.120617,0.008323,0.000,WIN
2026-09-16T13:56:51.040774+00:00,2026-09-16T18:46:05.806154+00:00,JTO/USDT:USDT,LONG,canasta,137.63,0.41330751,0.4112,0.41950712,0.28931526,CIERRE_MANUAL,-0.510,-0.839431,0.137631,0.000,LOSS
2026-09-16T13:56:51.040782+00:00,2026-09-16T18:46:05.910777+00:00,POWR/USDT:USDT,SHORT,canasta,8.28,0.06181,0.06298,0.06088285,0.080353,CIERRE_MANUAL,-1.893,-0.165063,0.008283,0.000,LOSS
2026-09-16T13:56:51.040765+00:00,2026-09-16T18:46:05.990759+00:00,BANK/USDT:USDT,LONG,canasta,15.49,0.027028325,0.02706,0.027433749,0.018919827,CIERRE_MANUAL,0.117,0.002663,0.015487,0.000,WIN
2026-09-16T13:56:51.040785+00:00,2026-09-16T18:46:06.083145+00:00,ONG/USDT:USDT,SHORT,canasta,8.41,0.07446,0.07587,0.0733431,0.096798,CIERRE_MANUAL,-1.894,-0.167744,0.008414,0.000,LOSS
2026-09-16T21:18:41.880953+00:00,2026-09-16T21:52:59.558131+00:00,PROM/USDT:USDT,SHORT,canasta,8.64,5.502,5.466,5.452482,6.3273,TP_TRAILING,0.654,0.047892,0.008640,0.523,WIN
2026-09-16T21:13:47.632198+00:00,2026-09-16T21:56:15.227400+00:00,RIVER/USDT:USDT,LONG,canasta,7.65,1.182,1.193,1.192638,1.0047,TP_TRAILING,0.931,0.063543,0.007650,0.411,WIN
2026-09-16T21:16:14.499938+00:00,2026-09-16T22:11:30.668567+00:00,REZ/USDT:USDT,SHORT,canasta,8.19,0.003592,0.003567,0.003559672,0.0041308,TP_TRAILING,0.696,0.048812,0.008190,0.418,WIN
2026-09-16T21:13:30.782655+00:00,2026-09-16T22:12:32.428830+00:00,NEIRO/USDT:USDT,SHORT,canasta,8.10,7.887e-05,7.822e-05,7.816017e-05,9.07005e-05,TP_TRAILING,0.824,0.058655,0.008100,0.413,WIN
2026-09-16T22:13:32.803105+00:00,2026-09-16T23:08:57.325779+00:00,RIVER/USDT:USDT,LONG,canasta,7.42,1.18,1.186,1.19062,1.003,TP_TRAILING,0.508,0.030309,0.007420,0.338,WIN
2026-09-16T21:24:51.185914+00:00,2026-09-16T23:23:37.563018+00:00,JTO/USDT:USDT,LONG,canasta,7.61,0.4128,0.4198,0.4165152,0.35088,TP_TRAILING,1.696,0.121436,0.007610,0.456,WIN
2026-09-16T21:13:29.663639+00:00,2026-09-16T23:30:35.783621+00:00,MMT/USDT:USDT,LONG,canasta,7.95,0.125,0.1268,0.126125,0.10625,TP_TRAILING,1.440,0.106530,0.007950,0.394,WIN
2026-09-16T21:13:29.099610+00:00,2026-09-16T23:55:55.244959+00:00,BANK/USDT:USDT,LONG,canasta,8.11,0.02692,0.0272,0.02716228,0.022882,TP_TRAILING,1.040,0.076244,0.008110,0.413,WIN
2026-09-16T21:38:44.868232+00:00,2026-09-17T00:05:10.539816+00:00,HOME/USDT:USDT,LONG,canasta,7.63,0.005365,0.005434,0.005413285,0.00456025,TP_TRAILING,1.286,0.090500,0.007630,0.381,WIN
2026-09-16T21:13:30.225793+00:00,2026-09-17T00:06:15.305266+00:00,POWR/USDT:USDT,SHORT,canasta,8.47,0.06295,0.06277,0.06238345,0.0723925,TP_TRAILING,0.286,0.015749,0.008470,0.485,WIN
2026-09-17T00:06:22.166465+00:00,2026-09-17T00:18:53.908000+00:00,CVC/USDT:USDT,SHORT,canasta,8.29,0.02665,0.02645,0.02641015,0.0306475,TP_TRAILING,0.750,0.053924,0.008290,0.426,WIN
2026-09-17T02:26:55.802262+00:00,2026-09-17T03:19:04.503098+00:00,MMT/USDT:USDT,LONG,canasta,7.23,0.1268,0.1274,0.1279412,0.08876,TP_TRAILING,0.473,0.026972,0.007228,0.000,WIN
2026-09-17T02:35:28.948675+00:00,2026-09-17T03:23:27.201049+00:00,SOMI/USDT:USDT,SHORT,canasta,8.52,0.1713,0.1682,0.1697583,0.22269,TP_TRAILING,1.810,0.145666,0.008520,0.565,WIN
2026-09-17T02:26:55.802267+00:00,2026-09-17T04:03:10.605742+00:00,JTO/USDT:USDT,LONG,canasta,14.21,0.41798824,0.4219,0.42175013,0.29259176,TP_TRAILING,0.936,0.118788,0.014212,0.000,WIN
2026-09-17T02:31:19.332081+00:00,2026-09-17T04:27:39.076729+00:00,ZEC/USDT:USDT,SHORT,canasta,15.12,1374.1691,1352.23,1361.8016,1786.4198,TP_TRAILING,1.597,0.226214,0.015116,0.440,WIN
2026-09-17T02:26:55.802286+00:00,2026-09-17T04:31:54.341338+00:00,0G/USDT:USDT,SHORT,canasta,36.46,0.19091099,0.1925,0.1891928,0.24818429,CIERRE_MANUAL,-0.832,-0.339964,0.036464,0.000,LOSS
2026-09-17T02:26:55.802279+00:00,2026-09-17T04:31:54.419692+00:00,CAKE/USDT:USDT,SHORT,canasta,20.63,2.2925,2.3002,2.2718675,2.98025,CIERRE_MANUAL,-0.336,-0.089932,0.020633,0.000,LOSS
2026-09-17T02:26:55.802288+00:00,2026-09-17T04:31:54.499703+00:00,RED/USDT:USDT,SHORT,canasta,23.39,0.12923204,0.1299,0.12806896,0.16800166,CIERRE_MANUAL,-0.517,-0.144291,0.023391,0.000,LOSS
2026-09-17T02:26:55.802276+00:00,2026-09-17T04:31:54.599469+00:00,SENT/USDT:USDT,SHORT,canasta,8.70,0.01532,0.01533,0.01518212,0.019916,CIERRE_MANUAL,-0.065,-0.014382,0.008702,0.000,LOSS
2026-09-17T02:26:55.802254+00:00,2026-09-17T04:31:54.698148+00:00,RIVER/USDT:USDT,LONG,canasta,7.73,1.189,1.187,1.199701,0.8323,CIERRE_MANUAL,-0.168,-0.020728,0.007729,0.000,LOSS
2026-09-17T02:26:55.802283+00:00,2026-09-17T04:31:54.802993+00:00,SUSHI/USDT:USDT,SHORT,canasta,45.24,0.21240563,0.2173,0.21049398,0.27612732,CIERRE_MANUAL,-2.304,-1.087742,0.045242,0.000,LOSS
2026-09-17T11:35:13.138260+00:00,2026-09-17T11:37:47.422981+00:00,REZ/USDT:USDT,SHORT,canasta,8.74,0.004046,0.004006,0.004009586,0.0052598,TP_TRAILING,0.989,0.077666,0.008740,0.539,WIN
2026-09-17T11:35:13.765974+00:00,2026-09-17T11:47:43.228376+00:00,EDGE/USDT:USDT,SHORT,canasta,8.53,0.6578,0.6488,0.6518798,0.85514,TP_TRAILING,1.368,0.108177,0.008530,0.420,WIN
2026-09-17T12:11:22.706642+00:00,2026-09-17T13:27:02.967901+00:00,SOMI/USDT:USDT,SHORT,canasta,8.33,0.1699,0.1688,0.1683709,0.22087,TP_TRAILING,0.647,0.045575,0.008325,0.000,WIN
2026-09-17T12:11:22.706639+00:00,2026-09-17T13:42:39.945260+00:00,KAS/USDT:USDT,SHORT,canasta,8.17,0.03403,0.03358,0.03372373,0.044239,TP_TRAILING,1.322,0.099833,0.008167,0.000,WIN
2026-09-17T12:11:22.706637+00:00,2026-09-17T13:43:14.104793+00:00,PUNDIX/USDT:USDT,SHORT,canasta,8.30,0.10639,0.10533,0.10543249,0.138307,TP_TRAILING,0.996,0.074382,0.008298,0.000,WIN
2026-09-17T12:11:22.706621+00:00,2026-09-17T13:55:20.023819+00:00,ON/USDT:USDT,LONG,canasta,7.51,0.1472,0.1494,0.1485248,0.10304,TP_TRAILING,1.495,0.104693,0.007507,0.000,WIN
2026-09-17T13:42:43.979744+00:00,2026-09-17T14:02:03.802308+00:00,POWR/USDT:USDT,SHORT,canasta,8.41,0.06285,0.06224,0.06228435,0.081705,TP_TRAILING,0.971,0.073215,0.008410,0.465,WIN
2026-09-17T12:11:22.706618+00:00,2026-09-17T14:25:44.031238+00:00,BANK/USDT:USDT,LONG,canasta,7.83,0.02757,0.02804,0.02781813,0.019299,TP_TRAILING,1.705,0.125650,0.007830,0.000,WIN
2026-09-17T12:11:22.706644+00:00,2026-09-17T14:56:33.667394+00:00,NEAR/USDT:USDT,SHORT,canasta,14.18,2.837,2.816,2.811467,3.6881,TP_TRAILING,0.740,0.090815,0.014185,0.000,WIN
2026-09-17T14:56:53.907241+00:00,2026-09-17T15:16:53.513549+00:00,WIF/USDT:USDT,SHORT,canasta,7.97,0.1852,0.184,0.1835332,0.24076,TP_TRAILING,0.648,0.043671,0.007970,0.425,WIN
2026-09-17T13:43:22.481407+00:00,2026-09-17T15:21:43.508490+00:00,ASTR/USDT:USDT,SHORT,canasta,8.38,0.006304,0.006268,0.006247264,0.0081952,TP_TRAILING,0.571,0.039475,0.008380,0.458,WIN
2026-09-17T15:16:55.654460+00:00,2026-09-17T15:43:51.834440+00:00,UAI/USDT:USDT,SHORT,canasta,8.20,0.3984,0.3979,0.3948144,0.51792,TP_TRAILING,0.126,0.002091,0.008200,0.416,WIN
2026-09-17T12:11:22.706629+00:00,2026-09-17T15:58:34.701462+00:00,PROM/USDT:USDT,SHORT,canasta,14.77,5.4687407,5.416,5.4195221,7.109363,TP_TRAILING,0.964,0.127634,0.014766,0.000,WIN
2026-09-17T13:27:15.906307+00:00,2026-09-17T16:07:08.517782+00:00,DOT/USDT:USDT,SHORT,canasta,16.12,1.0470377,1.0671,1.0376143,1.361149,TP_TRAILING,-1.916,-0.325084,0.016124,0.483,LOSS
2026-09-17T16:15:27.465764+00:00,2026-09-17T16:15:56.518087+00:00,ON/USDT:USDT,LONG,canasta,7.66,0.1465,0.1511,0.1478185,0.10255,TP_TRAILING,3.140,0.232859,0.007660,0.495,WIN
2026-09-17T15:43:54.117487+00:00,2026-09-17T16:26:21.057205+00:00,REZ/USDT:USDT,SHORT,canasta,16.50,0.0037686267,0.003712,0.003734709,0.0048992147,TP_TRAILING,1.503,0.231360,0.016495,0.415,WIN
2026-09-17T16:26:53.731268+00:00,2026-09-17T16:29:16.877519+00:00,ETHFI/USDT:USDT,SHORT,canasta,8.21,0.6267,0.6264,0.6210597,0.81471,TP_TRAILING,0.048,-0.004280,0.008210,0.518,LOSS
2026-09-17T16:07:09.167061+00:00,2026-09-17T16:34:49.889750+00:00,KAS/USDT:USDT,SHORT,canasta,8.18,0.03367,0.03366,0.03336697,0.043771,TP_TRAILING,0.030,-0.005751,0.008180,0.480,LOSS
2026-09-17T16:34:57.238597+00:00,2026-09-17T16:37:02.837037+00:00,KSM/USDT:USDT,SHORT,canasta,8.40,4.858,4.814,4.814278,6.3154,TP_TRAILING,0.906,0.067681,0.008400,0.491,WIN
2026-09-17T16:37:12.157368+00:00,2026-09-17T16:38:28.524132+00:00,KSM/USDT:USDT,SHORT,canasta,8.40,4.82,4.694,4.77662,6.266,TP_TRAILING,2.614,0.211185,0.008400,0.491,WIN
2026-09-17T16:38:39.195839+00:00,2026-09-17T16:50:45.165273+00:00,KSM/USDT:USDT,SHORT,canasta,8.40,4.727,4.628,4.684457,6.1451,TP_TRAILING,2.094,0.167526,0.008400,0.491,WIN
2026-09-17T16:50:54.833698+00:00,2026-09-17T16:53:39.092192+00:00,ZORA/USDT:USDT,SHORT,canasta,8.26,0.007666,0.00767,0.007597006,0.0099658,TP_TRAILING,-0.052,-0.012570,0.008260,0.432,LOSS
2026-09-17T15:36:24.342317+00:00,2026-09-17T17:02:23.858061+00:00,BANK/USDT:USDT,LONG,canasta,7.99,0.02775,0.02815,0.02799975,0.019425,TP_TRAILING,1.441,0.107181,0.007990,0.409,WIN
2026-09-17T15:58:46.350825+00:00,2026-09-17T17:57:02.102175+00:00,SUSHI/USDT:USDT,SHORT,canasta,15.59,0.22593478,0.2291,0.22390137,0.29371522,TP_TRAILING,-1.401,-0.233989,0.015590,0.416,LOSS
2026-09-17T18:17:23.110358+00:00,2026-09-17T20:31:50.385733+00:00,POWR/USDT:USDT,SHORT,canasta,8.60,0.06372,0.0635,0.06257304,0.082836,TP_TRAILING,0.345,0.021098,0.008602,0.000,WIN
2026-09-17T18:39:25.964379+00:00,2026-09-17T20:39:10.423537+00:00,ON/USDT:USDT,LONG,canasta,7.47,0.1521,0.1543,0.1548378,0.10647,TP_TRAILING,1.446,0.100577,0.007470,0.427,WIN
2026-09-17T20:31:50.963516+00:00,2026-09-17T21:29:41.460695+00:00,SENT/USDT:USDT,SHORT,canasta,8.64,0.01606,0.01593,0.01577092,0.020878,TP_TRAILING,0.809,0.061298,0.008640,0.561,WIN
2026-09-17T18:17:23.110373+00:00,2026-09-17T22:28:42.555103+00:00,AERO/USDT:USDT,SHORT,canasta,8.07,0.5894,0.5832,0.5787908,0.76622,TP_TRAILING,1.052,0.076865,0.008075,0.000,WIN
2026-09-17T22:28:55.864332+00:00,2026-09-17T22:30:55.636752+00:00,G/USDT:USDT,SHORT,canasta,8.58,0.005074,0.005101,0.004982668,0.0065962,TP_TRAILING,-0.532,-0.054236,0.008580,0.548,LOSS
2026-09-17T18:17:23.110344+00:00,2026-09-17T23:27:07.504135+00:00,RIVER/USDT:USDT,LONG,canasta,49.47,1.2184507,1.223,1.2403829,0.85291552,CIERRE_MANUAL,0.373,0.135231,0.049469,0.000,WIN
2026-09-17T18:25:47.344835+00:00,2026-09-17T23:46:08.729092+00:00,BANK/USDT:USDT,LONG,canasta,8.33,0.02804,0.02844,0.02854472,0.019628,CIERRE_MANUAL,1.427,0.110500,0.008330,0.512,WIN
2026-09-17T18:17:23.110363+00:00,2026-09-18T01:05:41.701231+00:00,PUNDIX/USDT:USDT,SHORT,canasta,8.45,0.10566,0.10401,0.10375812,0.137358,TP_TRAILING,1.562,0.123547,0.008453,0.000,WIN
2026-09-17T18:17:23.110374+00:00,2026-09-18T01:26:36.931171+00:00,CVC/USDT:USDT,SHORT,canasta,29.15,0.026100179,0.02575,0.025630376,0.033930233,CIERRE_MANUAL,1.342,0.361996,0.029154,0.000,WIN
2026-09-18T01:26:38.224982+00:00,2026-09-18T01:48:38.079935+00:00,ARB/USDT:USDT,SHORT,canasta,8.62,0.18368,0.19705,0.18037376,0.238784,TP_TRAILING,-7.279,-0.636067,0.008620,0.438,LOSS
2026-09-18T01:06:43.725828+00:00,2026-09-18T01:49:04.140121+00:00,UAI/USDT:USDT,SHORT,canasta,8.67,0.4213,0.4294,0.4137166,0.54769,TP_TRAILING,-1.923,-0.175361,0.008670,0.497,LOSS
2026-09-18T01:49:13.323321+00:00,2026-09-18T01:56:38.579296+00:00,REZ/USDT:USDT,SHORT,canasta,8.49,0.003877,0.003723,0.003807214,0.0050401,TP_TRAILING,3.972,0.328745,0.008490,0.514,WIN
2026-09-18T01:56:47.125728+00:00,2026-09-18T02:01:29.023121+00:00,ZEC/USDT:USDT,SHORT,canasta,8.83,1479.81,1482.42,1453.1734,1923.753,TP_TRAILING,-0.176,-0.024404,0.008830,0.491,LOSS
2026-09-18T02:01:32.522450+00:00,2026-09-18T02:17:47.468348+00:00,NEAR/USDT:USDT,SHORT,canasta,8.96,3.22,3.25,3.16204,4.186,TP_TRAILING,-0.932,-0.092438,0.008960,0.561,LOSS
2026-09-18T02:41:33.171379+00:00,2026-09-18T03:19:01.147414+00:00,ON/USDT:USDT,LONG,canasta,7.64,0.156,0.1594,0.15834,0.1092,TP_TRAILING,2.179,0.158956,0.007644,0.000,WIN
2026-09-18T03:19:16.239821+00:00,2026-09-18T04:55:26.498994+00:00,ON/USDT:USDT,LONG,canasta,7.42,0.1594,0.1619,0.161791,0.11158,TP_TRAILING,1.568,0.108954,0.007420,0.400,WIN
2026-09-18T02:41:33.171391+00:00,2026-09-18T06:57:43.110642+00:00,PROM/USDT:USDT,SHORT,canasta,8.18,5.452,5.384,5.37022,7.0876,TP_TRAILING,1.247,0.093822,0.008178,0.000,WIN
2026-09-18T06:58:39.846008+00:00,2026-09-18T07:11:03.126418+00:00,REZ/USDT:USDT,SHORT,canasta,8.49,0.004053,0.00398,0.003992205,0.0052689,TP_TRAILING,1.801,0.144426,0.008490,0.491,WIN
2026-09-18T02:41:33.171388+00:00,2026-09-18T07:22:08.215281+00:00,MINA/USDT:USDT,SHORT,canasta,8.60,0.09666,0.09548,0.0952101,0.125658,TP_TRAILING,1.221,0.096417,0.008603,0.000,WIN
2026-09-18T07:11:30.342300+00:00,2026-09-18T08:05:13.735806+00:00,UAI/USDT:USDT,SHORT,canasta,8.55,0.4166,0.4095,0.410351,0.54158,TP_TRAILING,1.704,0.137165,0.008550,0.463,WIN
2026-09-18T02:41:33.171372+00:00,2026-09-18T13:48:15.691839+00:00,RIVER/USDT:USDT,LONG,canasta,7.76,1.231,1.252,1.249465,0.8617,TP_TRAILING,1.706,0.124545,0.007755,0.000,WIN
2026-09-19T02:12:27.695798+00:00,2026-09-19T02:14:40.623087+00:00,ZAMA/USDT:USDT,SHORT,canasta,8.75,0.06387,0.06313,0.06342291,0.07012926,TP_TRAILING,1.159,0.092628,0.008750,0.577,WIN
2026-09-19T02:14:51.785673+00:00,2026-09-19T02:17:22.724814+00:00,ZAMA/USDT:USDT,SHORT,canasta,8.75,0.0633,0.06288,0.0628569,0.0695034,TP_TRAILING,0.664,0.049307,0.008750,0.577,WIN
2026-09-19T02:40:58.072985+00:00,2026-09-19T03:20:24.407896+00:00,S/USDT:USDT,SHORT,canasta,15.65,0.03387026,0.03363,0.033565427,0.044031338,TP_TRAILING,0.709,0.095352,0.015648,0.600,WIN
2026-09-19T02:55:51.977643+00:00,2026-09-19T03:40:56.892035+00:00,TRUMP/USDT:USDT,SHORT,canasta,8.60,2.057,2.044,2.038487,2.6741,TP_TRAILING,0.632,0.045751,0.008600,0.491,WIN
2026-09-19T03:52:20.886161+00:00,2026-09-19T04:18:18.241334+00:00,PROVE/USDT:USDT,SHORT,canasta,8.58,0.22,0.2186,0.21802,0.286,TP_TRAILING,0.636,0.046020,0.008580,0.546,WIN
2026-09-19T04:19:11.496407+00:00,2026-09-19T04:25:49.668931+00:00,ENA/USDT:USDT,SHORT,canasta,8.77,0.18228,0.17864,0.18063948,0.236964,TP_TRAILING,1.997,0.166361,0.008770,0.501,WIN
2026-09-19T04:26:00.958920+00:00,2026-09-19T04:29:56.300442+00:00,ENA/USDT:USDT,SHORT,canasta,8.71,0.17882,0.17775,0.17721062,0.232466,TP_TRAILING,0.598,0.043408,0.008710,0.479,WIN
2026-09-19T03:33:53.071768+00:00,2026-09-19T04:35:12.993360+00:00,IOST/USDT:USDT,SHORT,canasta,8.88,0.0008208,0.0008139,0.0008134128,0.00106704,TP_TRAILING,0.841,0.065769,0.008880,0.540,WIN
2026-09-19T03:29:18.601890+00:00,2026-09-19T04:48:20.684126+00:00,THETA/USDT:USDT,SHORT,canasta,8.62,0.2203,0.2178,0.2183173,0.28639,TP_TRAILING,1.135,0.089201,0.008620,0.602,WIN
2026-09-19T04:38:26.438637+00:00,2026-09-19T05:31:16.370958+00:00,MORPHO/USDT:USDT,SHORT,canasta,8.73,2.7454,2.7165,2.7206914,3.56902,TP_TRAILING,1.053,0.083168,0.008730,0.522,WIN
2026-09-19T05:33:39.826649+00:00,2026-09-19T05:38:07.922820+00:00,APT/USDT:USDT,SHORT,canasta,8.43,0.7675,0.7623,0.7605925,0.99775,TP_TRAILING,0.678,0.048685,0.008430,0.493,WIN
2026-09-19T04:37:54.519525+00:00,2026-09-19T05:38:22.209116+00:00,JUP/USDT:USDT,SHORT,canasta,8.45,0.273,0.2695,0.270543,0.3549,TP_TRAILING,1.282,0.099883,0.008450,0.500,WIN
2026-09-19T05:38:23.017785+00:00,2026-09-19T05:43:38.665280+00:00,APT/USDT:USDT,SHORT,canasta,8.38,0.7649,0.7549,0.7580159,0.99437,TP_TRAILING,1.307,0.101177,0.008380,0.478,WIN
2026-09-19T05:38:39.197350+00:00,2026-09-19T05:58:05.131146+00:00,SUPER/USDT:USDT,SHORT,canasta,8.67,0.13894,0.13611,0.13768954,0.180622,TP_TRAILING,2.037,0.167925,0.008670,0.539,WIN
2026-09-19T05:46:21.758660+00:00,2026-09-19T16:56:11.666691+00:00,IOST/USDT:USDT,SHORT,canasta,35.38,0.00086233651,0.000857,0.00085457548,0.0011210375,TP_TRAILING,0.619,0.183584,0.035383,0.529,WIN
2026-09-19T17:07:34.959860+00:00,2026-09-19T17:11:51.410280+00:00,0G/USDT:USDT,SHORT,canasta,8.63,0.2308,0.2291,0.2287228,0.30004,TP_TRAILING,0.737,0.054936,0.008630,0.509,WIN
2026-09-19T17:13:37.807331+00:00,2026-09-19T17:25:09.437765+00:00,ENA/USDT:USDT,SHORT,canasta,9.09,0.204,0.20194,0.202164,0.2652,TP_TRAILING,1.010,0.082701,0.009090,0.554,WIN
2026-09-19T17:25:55.661665+00:00,2026-09-19T17:27:29.176983+00:00,ENA/USDT:USDT,SHORT,canasta,9.09,0.20276,0.19995,0.20093516,0.263588,TP_TRAILING,1.386,0.116886,0.009090,0.558,WIN
2026-09-19T06:12:15.935756+00:00,2026-09-19T21:36:41.393292+00:00,TRUMP/USDT:USDT,SHORT,canasta,25.60,2.0765758,2.049,2.0578866,2.6995486,TP_TRAILING,1.328,0.314406,0.025604,0.472,WIN
2026-09-19T17:32:55.959309+00:00,2026-09-20T00:58:23.932271+00:00,SOMI/USDT:USDT,SHORT,canasta,17.86,0.203,0.1995,0.201173,0.2639,TP_TRAILING,1.724,0.290136,0.017864,0.633,WIN
2026-09-19T04:48:36.868111+00:00,2026-09-20T03:05:45.112323+00:00,MSTR/USDT:USDT,SHORT,canasta,23.51,156.71,155.45,155.29961,203.723,TP_TRAILING,0.804,0.165494,0.023506,0.541,WIN
2026-09-20T12:59:45.588650+00:00,2026-09-20T13:08:17.325051+00:00,S/USDT:USDT,SHORT,canasta,8.50,0.03511,0.03444,0.03465357,0.045643,TP_TRAILING,1.908,0.153643,0.008497,0.000,WIN
2026-09-20T12:59:45.588656+00:00,2026-09-20T13:18:10.000940+00:00,STX/USDT:USDT,SHORT,canasta,8.81,0.3146,0.3105,0.3105102,0.40898,TP_TRAILING,1.303,0.105991,0.008809,0.000,WIN
2026-09-20T13:31:45.431411+00:00,2026-09-20T13:32:14.468059+00:00,UB/USDT:USDT,SHORT,canasta,8.52,0.16385,0.16045,0.16171995,0.213005,TP_TRAILING,2.075,0.168280,0.008520,0.000,WIN
2026-09-20T13:32:18.329768+00:00,2026-09-20T13:35:19.602816+00:00,UB/USDT:USDT,SHORT,canasta,0.16,0.16234,0.16121,0.16022958,0.211042,CIERRE_MANUAL,0.696,0.000968,0.000162,0.000,WIN
2026-09-20T12:59:45.588659+00:00,2026-09-20T13:37:41.835041+00:00,IOST/USDT:USDT,SHORT,canasta,8.89,0.00088796191,0.000875,0.00087641841,0.0011543505,TP_TRAILING,1.460,0.120909,0.008892,0.000,WIN
2026-09-20T13:35:21.263923+00:00,2026-09-20T13:53:16.813442+00:00,UB/USDT:USDT,SHORT,canasta,8.54,0.16072,0.15752,0.15863064,0.208936,TP_TRAILING,1.991,0.161495,0.008540,0.529,WIN
2026-09-20T13:53:27.953359+00:00,2026-09-20T14:01:49.854879+00:00,UB/USDT:USDT,SHORT,canasta,8.66,0.15739,0.15478,0.15534393,0.204607,TP_TRAILING,1.658,0.134949,0.008660,0.563,WIN
2026-09-20T12:59:45.588664+00:00,2026-09-20T15:02:04.640956+00:00,USELESS/USDT:USDT,SHORT,canasta,15.40,0.25667467,0.25569,0.2533379,0.33367707,CIERRE_MANUAL,0.384,0.043680,0.015400,0.000,WIN
2026-09-20T13:34:14.538405+00:00,2026-09-20T15:09:44.821490+00:00,NEAR/USDT:USDT,SHORT,canasta,8.77,3.684,3.634,3.636108,4.7892,TP_TRAILING,1.357,0.110258,0.008770,0.480,WIN
2026-09-20T13:51:49.347243+00:00,2026-09-20T15:12:38.769272+00:00,IOST/USDT:USDT,SHORT,canasta,8.80,0.0008752,0.0008654,0.0008638224,0.00113776,CIERRE_MANUAL,1.120,0.089712,0.008798,0.000,WIN
2026-09-20T14:08:29.928538+00:00,2026-09-20T16:27:00.510769+00:00,PHA/USDT:USDT,SHORT,canasta,8.41,0.0362,0.03569,0.0357294,0.04706,TP_TRAILING,1.409,0.110073,0.008410,0.529,WIN
2026-09-20T15:50:04.964857+00:00,2026-09-20T21:03:30.726991+00:00,GRT/USDT:USDT,SHORT,canasta,46.39,0.021954255,0.02179,0.021668849,0.028540531,CIERRE_MANUAL,0.748,0.300681,0.046389,0.000,WIN
2026-09-20T15:13:27.534597+00:00,2026-09-20T21:12:56.567430+00:00,AERO/USDT:USDT,SHORT,canasta,8.33,0.6558,0.649,0.6472746,0.85254,CIERRE_MANUAL,1.037,0.078031,0.008329,0.000,WIN
2026-09-20T21:12:57.050871+00:00,2026-09-20T21:45:56.229550+00:00,GRT/USDT:USDT,SHORT,canasta,8.61,0.02196,0.0218,0.02167452,0.028548,CIERRE_MANUAL,0.729,0.054112,0.008608,0.000,WIN
2026-09-20T21:03:31.889195+00:00,2026-09-21T02:36:22.200723+00:00,STX/USDT:USDT,SHORT,canasta,8.95,0.325,0.3211,0.320775,0.4225,TP_TRAILING,1.200,0.098450,0.008950,0.492,WIN
2026-09-21T00:22:22.551146+00:00,2026-09-21T08:49:00.708585+00:00,RVN/USDT:USDT,LONG,canasta,7.56,0.002264,0.002295,0.002293432,0.0015848,TP_TRAILING,1.369,0.095956,0.007560,0.471,WIN
2026-09-20T16:27:41.178972+00:00,2026-09-21T09:25:23.792101+00:00,PHA/USDT:USDT,SHORT,canasta,25.31,0.037826682,0.04966,0.037334935,0.049174686,SL,-31.283,-7.942094,0.025307,0.542,LOSS
2026-09-21T09:26:05.174584+00:00,2026-09-21T09:35:53.901486+00:00,JUP/USDT:USDT,SHORT,canasta,8.24,0.2842,0.3076,0.2805054,0.36946,CIERRE_MANUAL,-8.234,-0.686842,0.008242,0.000,LOSS
2026-09-20T15:21:47.934502+00:00,2026-09-21T09:35:53.994323+00:00,MTL/USDT:USDT,SHORT,canasta,8.28,0.2982,0.3081,0.2943234,0.38766,CIERRE_MANUAL,-3.320,-0.283169,0.008280,0.490,LOSS
2026-09-20T12:59:45.588662+00:00,2026-09-21T09:35:54.071938+00:00,PROVE/USDT:USDT,SHORT,canasta,105.47,0.23083817,0.2398,0.22783727,0.30008962,CIERRE_MANUAL,-3.882,-4.200130,0.105470,0.000,LOSS
2026-09-20T13:37:34.158416+00:00,2026-09-21T09:35:54.148740+00:00,COW/USDT:USDT,SHORT,canasta,8.44,0.1513,0.1587,0.1493331,0.19669,CIERRE_MANUAL,-4.891,-0.421236,0.008440,0.503,LOSS
2026-09-21T02:36:24.413017+00:00,2026-09-21T09:35:54.226419+00:00,GRT/USDT:USDT,SHORT,canasta,8.55,0.02216,0.02343,0.02187192,0.028808,CIERRE_MANUAL,-5.731,-0.498774,0.008554,0.000,LOSS
2026-09-20T22:01:49.503988+00:00,2026-09-21T09:35:54.314743+00:00,KMNO/USDT:USDT,SHORT,canasta,8.58,0.0321,0.0347,0.0316827,0.04173,CIERRE_MANUAL,-8.100,-0.703533,0.008580,0.488,LOSS
2026-09-21T14:17:35.267173+00:00,2026-09-21T14:32:07.408460+00:00,IOST/USDT:USDT,SHORT,canasta,8.69,0.0008708,0.0008839,0.000831614,0.000883862,SL,-1.504,-0.139419,0.008690,0.465,LOSS
2026-09-21T14:17:35.267230+00:00,2026-09-21T15:09:28.824460+00:00,TAO/USDT:USDT,SHORT,canasta,8.54,283.22,287.86,270.4751,287.4683,SL,-1.638,-0.148451,0.008540,0.527,LOSS
2026-09-21T14:17:35.267129+00:00,2026-09-21T16:15:01.787083+00:00,ENA/USDT:USDT,SHORT,canasta,8.78,0.22191,0.21287,0.21192405,0.22523865,TP_TRAILING,4.074,0.348893,0.008780,0.487,WIN
2026-09-21T15:11:21.151771+00:00,2026-09-21T16:19:48.829386+00:00,PYTH/USDT:USDT,SHORT,canasta,8.36,0.06534,0.06641,0.0623997,0.0663201,SL,-1.638,-0.145262,0.008360,0.492,LOSS
2026-09-21T14:30:28.107363+00:00,2026-09-21T18:00:15.930016+00:00,SUI/USDT:USDT,SHORT,canasta,8.34,1.0429,0.9972,0.9959695,1.0585435,TP_TRAILING,4.382,0.357120,0.008340,0.457,WIN
2026-09-21T15:00:49.549822+00:00,2026-09-21T18:01:12.240039+00:00,RIVER/USDT:USDT,LONG,canasta,7.42,1.28,1.259,1.3376,1.2608,SL,-1.641,-0.129154,0.007420,0.375,LOSS
2026-09-21T14:34:46.648655+00:00,2026-09-21T18:02:38.353208+00:00,FET/USDT:USDT,SHORT,canasta,8.36,0.2063,0.1978,0.1970165,0.2093945,TP_TRAILING,4.120,0.336090,0.008360,0.472,WIN
2026-09-21T14:17:35.267212+00:00,2026-09-21T18:13:08.317415+00:00,INJ/USDT:USDT,SHORT,canasta,8.55,7.9,8.02,7.5445,8.0185,SL,-1.519,-0.138423,0.008550,0.490,LOSS
2026-09-22T01:31:20.790903+00:00,2026-09-22T01:36:47.947643+00:00,EDGE/USDT:USDT,SHORT,canasta,8.73,0.5851,0.5942,0.555845,0.5938765,SL,-1.555,-0.144507,0.008730,0.576,LOSS
2026-09-22T01:41:57.424408+00:00,2026-09-22T02:00:49.419213+00:00,KAS/USDT:USDT,LONG,canasta,8.57,0.04408,0.04341,0.046284,0.0434188,SL,-1.520,-0.138831,0.008570,0.486,LOSS
2026-09-22T01:31:20.790865+00:00,2026-09-22T02:07:23.202410+00:00,ONG/USDT:USDT,SHORT,canasta,9.03,0.09047,0.09183,0.0859465,0.09182705,SL,-1.503,-0.144774,0.009030,0.485,LOSS
2026-09-22T01:31:20.790958+00:00,2026-09-22T02:24:34.120791+00:00,FET/USDT:USDT,SHORT,canasta,8.49,0.2012,0.2045,0.19114,0.204218,SL,-1.640,-0.147740,0.008490,0.489,LOSS
2026-09-22T02:01:53.981488+00:00,2026-09-22T02:46:38.553311+00:00,ZAMA/USDT:USDT,LONG,canasta,17.70,0.099394622,0.10167,0.10436435,0.097903703,TP_TRAILING,2.289,0.387495,0.017700,0.507,WIN
2026-09-22T02:47:37.591207+00:00,2026-09-22T02:52:12.690239+00:00,USELESS/USDT:USDT,LONG,canasta,9.09,0.27048,0.26579,0.284004,0.2664228,SL,-1.734,-0.166706,0.009090,0.551,LOSS
2026-09-22T02:52:13.896983+00:00,2026-09-22T02:53:29.943576+00:00,USELESS/USDT:USDT,LONG,canasta,9.02,0.26467,0.2604,0.2779035,0.26069995,SL,-1.613,-0.154542,0.009020,0.535,LOSS
2026-09-22T02:53:38.643897+00:00,2026-09-22T02:58:01.884639+00:00,USELESS/USDT:USDT,LONG,canasta,9.15,0.26076,0.25573,0.273798,0.2568486,SL,-1.929,-0.185651,0.009150,0.587,LOSS
2026-09-22T01:39:02.840452+00:00,2026-09-22T03:01:39.919995+00:00,DOT/USDT:USDT,LONG,canasta,8.34,1.2029,1.1845,1.263045,1.1848565,SL,-1.530,-0.135912,0.008340,0.469,LOSS
2026-09-22T01:39:20.456928+00:00,2026-09-22T03:14:35.534231+00:00,INJ/USDT:USDT,LONG,canasta,8.77,7.816,7.696,8.2068,7.69876,SL,-1.535,-0.143417,0.008770,0.593,LOSS
2026-09-22T01:34:54.222281+00:00,2026-09-22T03:16:32.499593+00:00,WIF/USDT:USDT,LONG,canasta,8.55,0.248,0.2441,0.2604,0.24428,SL,-1.573,-0.143006,0.008550,0.495,LOSS
2026-09-22T03:15:56.830332+00:00,2026-09-22T03:23:11.630004+00:00,INJ/USDT:USDT,LONG,canasta,8.33,7.609,7.485,7.98945,7.494865,SL,-1.630,-0.144080,0.008330,0.459,LOSS
2026-09-22T01:40:12.296143+00:00,2026-09-22T03:24:43.206882+00:00,S/USDT:USDT,LONG,canasta,8.77,0.04076,0.04011,0.042798,0.0401486,SL,-1.595,-0.148625,0.008770,0.566,LOSS
2026-09-22T03:17:05.099392+00:00,2026-09-22T03:36:36.922646+00:00,PHA/USDT:USDT,LONG,canasta,8.57,0.05404,0.05318,0.056742,0.0532294,SL,-1.591,-0.144954,0.008570,0.470,LOSS
2026-09-22T03:30:00.148477+00:00,2026-09-22T04:00:45.894774+00:00,PROVE/USDT:USDT,LONG,canasta,8.23,0.2316,0.2279,0.24318,0.228126,SL,-1.598,-0.139711,0.008230,0.467,LOSS
2026-09-22T01:38:13.645878+00:00,2026-09-22T04:17:16.222901+00:00,TAO/USDT:USDT,LONG,canasta,8.47,315.51,310.49,331.2855,310.77735,SL,-1.591,-0.143234,0.008470,0.497,LOSS
2026-09-22T03:23:23.693753+00:00,2026-09-22T04:23:30.848454+00:00,AVAX/USDT:USDT,LONG,canasta,8.28,11.107,10.94,11.66235,10.940395,SL,-1.504,-0.132774,0.008280,0.448,LOSS
2026-09-22T03:36:54.333981+00:00,2026-09-22T04:57:26.637665+00:00,1000PEPE/USDT:USDT,LONG,canasta,8.23,0.0051465,0.0050574,0.005403825,0.0050693025,SL,-1.731,-0.150714,0.008230,0.458,LOSS
2026-09-22T04:18:37.840848+00:00,2026-09-22T05:16:19.178012+00:00,PYTH/USDT:USDT,LONG,canasta,8.40,0.06387,0.0629,0.0670635,0.06291195,SL,-1.519,-0.135972,0.008400,0.523,LOSS
2026-09-22T04:32:14.645842+00:00,2026-09-22T05:18:21.692834+00:00,RENDER/USDT:USDT,LONG,canasta,8.57,1.827,1.798,1.91835,1.799595,SL,-1.587,-0.144602,0.008570,0.497,LOSS
2026-09-22T04:00:47.861988+00:00,2026-09-22T05:19:53.677025+00:00,PROVE/USDT:USDT,LONG,canasta,8.45,0.2283,0.2247,0.239715,0.2248755,SL,-1.577,-0.141696,0.008450,0.546,LOSS
2026-09-22T03:06:25.947316+00:00,2026-09-22T05:28:26.998576+00:00,JUP/USDT:USDT,LONG,canasta,8.35,0.2946,0.29,0.30933,0.290181,SL,-1.561,-0.138730,0.008350,0.461,LOSS
2026-09-22T01:34:54.222252+00:00,2026-09-22T05:32:34.764969+00:00,1000XEC/USDT:USDT,LONG,canasta,8.45,0.00873,0.008536,0.0091665,0.00859905,SL,-2.222,-0.196228,0.008450,0.488,LOSS
2026-09-22T02:58:54.912911+00:00,2026-09-22T07:29:24.256860+00:00,USELESS/USDT:USDT,LONG,canasta,35.88,0.26603562,0.28763,0.2793374,0.26204508,TP_TRAILING,8.117,2.876536,0.035880,0.538,WIN
2026-09-22T13:27:23.828332+00:00,2026-09-22T13:31:17.337265+00:00,1000XEC/USDT:USDT,SHORT,canasta,8.67,0.009068,0.008988,0.00893198,0.00938538,TP_TRAILING,0.882,0.067819,0.008670,0.567,WIN
2026-09-22T13:27:23.828453+00:00,2026-09-22T13:58:38.063989+00:00,INJ/USDT:USDT,SHORT,canasta,8.63,7.934,7.843,7.81499,8.21169,TP_TRAILING,1.147,0.090353,0.008630,0.544,WIN
2026-09-22T13:28:45.520069+00:00,2026-09-22T14:09:56.702234+00:00,TAO/USDT:USDT,LONG,canasta,8.58,318.47,324.47,323.24705,307.32355,TP_TRAILING,1.884,0.153068,0.008580,0.518,WIN
2026-09-22T14:08:39.611803+00:00,2026-09-22T14:33:42.592533+00:00,1000XEC/USDT:USDT,SHORT,canasta,8.75,0.009034,0.0089,0.00889849,0.00935019,TP_TRAILING,1.483,0.121037,0.008750,0.598,WIN
2026-09-22T14:04:05.782830+00:00,2026-09-22T14:35:08.840765+00:00,XTZ/USDT:USDT,SHORT,canasta,8.28,0.3387,0.3349,0.3336195,0.3505545,TP_TRAILING,1.122,0.084616,0.008280,0.488,WIN
2026-09-22T13:29:02.520535+00:00,2026-09-22T14:35:50.687829+00:00,IOTX/USDT:USDT,LONG,canasta,8.36,0.003842,0.003702,0.00389963,0.00370753,SL,-3.644,-0.312993,0.008360,0.535,LOSS
2026-09-22T13:28:27.928904+00:00,2026-09-22T14:36:10.669671+00:00,FIL/USDT:USDT,LONG,canasta,8.09,1.0208,0.985,1.036112,0.985072,SL,-3.507,-0.291811,0.008090,0.492,LOSS
2026-09-22T13:27:23.828090+00:00,2026-09-22T14:36:11.111923+00:00,STX/USDT:USDT,SHORT,canasta,9.02,0.3467,0.3394,0.3414995,0.3588345,TP_TRAILING,2.106,0.180902,0.009020,0.527,WIN
2026-09-22T14:34:50.314525+00:00,2026-09-22T14:37:33.450994+00:00,FLOCK/USDT:USDT,LONG,canasta,9.19,0.09204,0.09328,0.0934206,0.0888186,TP_TRAILING,1.347,0.114621,0.009190,0.550,WIN
2026-09-22T13:37:26.660163+00:00,2026-09-22T14:38:50.944704+00:00,ZK/USDT:USDT,SHORT,canasta,8.48,0.011889,0.011657,0.011710665,0.012305115,TP_TRAILING,1.951,0.156997,0.008480,0.503,WIN
2026-09-22T14:37:48.820999+00:00,2026-09-22T14:47:22.012127+00:00,FLOCK/USDT:USDT,LONG,canasta,9.10,0.09319,0.09413,0.09458785,0.08992835,TP_TRAILING,1.009,0.082691,0.009100,0.525,WIN
2026-09-22T14:05:03.485667+00:00,2026-09-22T15:16:22.709402+00:00,UAI/USDT:USDT,SHORT,canasta,8.85,0.4124,0.4083,0.406214,0.426834,TP_TRAILING,0.994,0.079135,0.008850,0.548,WIN
2026-09-22T14:37:16.885620+00:00,2026-09-22T15:23:38.628578+00:00,HBAR/USDT:USDT,SHORT,canasta,8.51,0.09491,0.09827,0.09348635,0.09823185,SL,-3.540,-0.309781,0.008510,0.478,LOSS
2026-09-22T14:36:45.104972+00:00,2026-09-22T15:30:22.851838+00:00,PYTH/USDT:USDT,LONG,canasta,8.61,0.06537,0.06626,0.06635055,0.06308205,TP_TRAILING,1.361,0.108613,0.008610,0.589,WIN
2026-09-22T14:37:01.337962+00:00,2026-09-22T15:34:08.329569+00:00,IOST/USDT:USDT,LONG,canasta,8.82,0.0009068,0.0009159,0.000920402,0.000875062,TP_TRAILING,1.004,0.079691,0.008820,0.484,WIN
2026-09-22T14:48:48.796975+00:00,2026-09-22T15:38:24.035190+00:00,FLOCK/USDT:USDT,LONG,canasta,9.19,0.09402,0.0953,0.0954303,0.0907293,TP_TRAILING,1.361,0.115924,0.009190,0.550,WIN
2026-09-22T15:40:29.257142+00:00,2026-09-22T15:58:53.101353+00:00,BSV/USDT:USDT,LONG,canasta,8.54,21.62,21.83,21.9443,20.8633,TP_TRAILING,0.971,0.074411,0.008540,0.548,WIN
2026-09-22T15:30:35.566447+00:00,2026-09-22T16:00:36.684002+00:00,PYTH/USDT:USDT,LONG,canasta,8.68,0.06617,0.06688,0.06716255,0.06385405,TP_TRAILING,1.073,0.084456,0.008680,0.609,WIN
2026-09-22T13:29:02.520507+00:00,2026-09-22T16:09:29.630756+00:00,PROVE/USDT:USDT,LONG,canasta,8.36,0.2267,0.2187,0.2301005,0.2187655,SL,-3.529,-0.303375,0.008360,0.520,LOSS
2026-09-22T16:10:51.639342+00:00,2026-09-22T16:16:36.569151+00:00,FLOCK/USDT:USDT,LONG,canasta,8.98,0.09114,0.09246,0.0925071,0.0879501,TP_TRAILING,1.448,0.121079,0.008980,0.494,WIN
2026-09-22T16:16:38.190135+00:00,2026-09-22T16:16:38.238268+00:00,FLOCK/USDT:USDT,LONG,canasta,9.07,0.09256,0.09246,0.0939484,0.0893204,TP_TRAILING,-0.108,-0.018869,0.009070,0.514,LOSS
2026-09-22T16:16:56.259233+00:00,2026-09-22T17:14:47.141582+00:00,FLOCK/USDT:USDT,LONG,canasta,9.07,0.09269,0.08937,0.09408035,0.08944585,SL,-3.582,-0.333942,0.009070,0.514,LOSS
2026-09-22T17:16:37.466525+00:00,2026-09-22T17:30:34.111920+00:00,FLOCK/USDT:USDT,LONG,canasta,9.00,0.09,0.08684,0.09135,0.08685,SL,-3.511,-0.325000,0.009000,0.497,LOSS
2026-09-22T15:37:06.815220+00:00,2026-09-22T17:56:06.898182+00:00,1000XEC/USDT:USDT,LONG,canasta,8.75,0.009116,0.009219,0.00925274,0.00879694,TP_TRAILING,1.130,0.090115,0.008750,0.598,WIN
2026-09-22T16:26:02.431621+00:00,2026-09-22T18:02:46.597937+00:00,CVC/USDT:USDT,SHORT,canasta,8.18,0.02918,0.02839,0.0287423,0.0302013,TP_TRAILING,2.707,0.213280,0.008180,0.478,WIN
2026-09-22T17:53:55.411679+00:00,2026-09-22T18:11:59.202109+00:00,ZRO/USDT:USDT,SHORT,canasta,8.60,1.4063,1.3785,1.3852055,1.4555205,TP_TRAILING,1.977,0.161406,0.008600,0.498,WIN
2026-09-22T13:27:23.828254+00:00,2026-09-22T19:33:07.141822+00:00,GRT/USDT:USDT,SHORT,canasta,8.69,0.02397,0.02482,0.02361045,0.02480895,SL,-3.546,-0.316846,0.008690,0.552,LOSS
2026-09-22T16:47:39.573584+00:00,2026-09-22T20:33:52.941879+00:00,WIF/USDT:USDT,SHORT,canasta,8.48,0.2559,0.2531,0.2520615,0.2648565,TP_TRAILING,1.094,0.084306,0.008480,0.498,WIN
2026-09-22T17:31:18.562182+00:00,2026-09-22T20:43:32.102595+00:00,JUP/USDT:USDT,LONG,canasta,8.42,0.2946,0.3002,0.299019,0.284289,TP_TRAILING,1.901,0.151634,0.008420,0.489,WIN
2026-09-22T13:28:13.223489+00:00,2026-09-22T21:21:59.983691+00:00,CARV/USDT:USDT,LONG,canasta,8.64,0.04424,0.04518,0.0449036,0.0426916,TP_TRAILING,2.125,0.174940,0.008640,0.607,WIN
2026-09-22T15:59:19.551255+00:00,2026-09-22T22:03:29.080426+00:00,BSV/USDT:USDT,LONG,canasta,8.72,21.85,21.07,22.17775,21.08525,SL,-3.570,-0.320006,0.008720,0.614,LOSS
2026-09-22T21:22:16.232920+00:00,2026-09-22T22:14:02.225962+00:00,FOLKS/USDT:USDT,LONG,canasta,8.71,2.746,2.642,2.78719,2.64989,SL,-3.787,-0.338586,0.008710,0.598,LOSS
2026-09-22T13:45:35.359288+00:00,2026-09-22T23:04:21.855203+00:00,AVAX/USDT:USDT,SHORT,canasta,8.42,10.943,11.329,10.778855,11.326005,SL,-3.527,-0.305424,0.008420,0.502,LOSS
2026-09-22T21:21:22.070090+00:00,2026-09-22T23:05:49.493452+00:00,INJ/USDT:USDT,SHORT,canasta,8.59,7.734,8.009,7.61799,8.00469,SL,-3.556,-0.314027,0.008590,0.538,LOSS
2026-09-22T15:09:44.375247+00:00,2026-09-22T23:16:45.426235+00:00,IOTX/USDT:USDT,SHORT,canasta,8.29,0.003775,0.003908,0.003718375,0.003907125,SL,-3.523,-0.300362,0.008290,0.513,LOSS
2026-09-22T13:29:02.520525+00:00,2026-09-22T23:25:21.586774+00:00,FET/USDT:USDT,LONG,canasta,8.63,0.2085,0.2115,0.2116275,0.2012025,TP_TRAILING,1.439,0.115543,0.008630,0.557,WIN
2026-09-22T17:58:08.066072+00:00,2026-09-22T23:25:37.141039+00:00,ZK/USDT:USDT,LONG,canasta,8.50,0.012058,0.01242,0.01223887,0.01163597,TP_TRAILING,3.002,0.246683,0.008500,0.510,WIN
2026-09-22T23:05:27.981186+00:00,2026-09-22T23:29:12.428729+00:00,FOLKS/USDT:USDT,LONG,canasta,8.67,2.772,2.798,2.81358,2.67498,TP_TRAILING,0.938,0.072650,0.008670,0.583,WIN
2026-09-22T23:30:30.807892+00:00,2026-09-22T23:43:11.041035+00:00,FOLKS/USDT:USDT,LONG,canasta,8.54,2.818,2.875,2.86027,2.71937,TP_TRAILING,2.023,0.164200,0.008540,0.553,WIN
2026-09-22T23:44:44.358963+00:00,2026-09-22T23:53:43.015416+00:00,FOLKS/USDT:USDT,LONG,canasta,8.61,2.874,2.942,2.91711,2.77341,TP_TRAILING,2.366,0.195106,0.008610,0.574,WIN
2026-09-22T23:54:59.389895+00:00,2026-09-23T00:03:49.392022+00:00,CARV/USDT:USDT,LONG,canasta,8.47,0.04581,0.04634,0.04649715,0.04420665,TP_TRAILING,1.157,0.089524,0.008470,0.546,WIN
2026-09-22T18:10:41.004745+00:00,2026-09-23T00:06:43.709850+00:00,1000XEC/USDT:USDT,SHORT,canasta,8.59,0.00915,0.009474,0.00901275,0.00947025,SL,-3.541,-0.312760,0.008590,0.556,LOSS
2026-09-23T19:40:29.921422+00:00,2026-09-23T19:58:51.994386+00:00,BSV/USDT:USDT,SHORT,canasta,238.24,22.83,22.64,22.62453,23.2866,TP_TRAILING,0.832,1.744484,0.238240,0.483,WIN
2026-09-23T20:04:06.857848+00:00,2026-09-23T22:09:00.318214+00:00,JUP/USDT:USDT,SHORT,canasta,236.06,0.2846,0.2903,0.2820386,0.290292,SL,-2.003,-4.963896,0.236060,0.468,LOSS
2026-09-23T22:34:31.765051+00:00,2026-09-23T23:22:04.564176+00:00,KERNEL/USDT:USDT,SHORT,canasta,230.24,0.05534,0.05647,0.05484194,0.0564468,SL,-2.042,-4.931563,0.230240,0.457,LOSS
2026-09-23T23:38:47.829978+00:00,2026-09-24T01:18:47.558201+00:00,AVAX/USDT:USDT,SHORT,canasta,230.60,10.263,10.187,10.170633,10.46826,TP_TRAILING,0.741,1.477049,0.230600,0.463,WIN
2026-09-24T01:19:48.996389+00:00,2026-09-24T01:23:23.783976+00:00,STEEM/USDT:USDT,SHORT,canasta,239.76,0.06182,0.06143,0.06126362,0.0630564,TP_TRAILING,0.631,1.272799,0.239760,0.526,WIN
2026-09-24T01:39:31.966824+00:00,2026-09-24T02:09:40.242087+00:00,FLOCK/USDT:USDT,SHORT,canasta,249.74,0.06958,0.06896,0.06895378,0.0709716,TP_TRAILING,0.891,1.975595,0.249740,0.508,WIN
2026-09-24T21:04:56.966453+00:00,2026-09-24T21:06:25.020628+00:00,ETC/USDT:USDT,SHORT,canasta,30.00,9.76,9.533,9.6136,9.9064,TP,2.326,0.667746,0.030000,0.577,WIN
2026-09-24T21:06:36.573224+00:00,2026-09-24T21:16:49.982243+00:00,ETC/USDT:USDT,SHORT,canasta,30.00,9.323,9.463,9.183155,9.462845,SL,-1.502,-0.480499,0.030000,0.577,LOSS
2026-09-24T21:21:08.667297+00:00,2026-09-24T22:00:46.574829+00:00,TIA/USDT:USDT,LONG,canasta,30.00,0.4981,0.4896,0.5055715,0.4906285,SL,-1.706,-0.541945,0.030000,0.490,LOSS
2026-09-24T21:24:23.012820+00:00,2026-09-24T22:00:46.759412+00:00,SUI/USDT:USDT,LONG,canasta,30.00,1.0253,1.0085,1.0406795,1.0099205,SL,-1.639,-0.521563,0.030000,0.492,LOSS
2026-09-24T21:52:55.230526+00:00,2026-09-24T22:07:46.103342+00:00,QNT/USDT:USDT,LONG,canasta,30.00,89.1,90.61,90.4365,87.7635,TP,1.695,0.478418,0.030000,0.502,WIN
2026-09-24T21:43:10.106369+00:00,2026-09-24T22:14:33.988285+00:00,AVAX/USDT:USDT,LONG,canasta,30.00,10.585,10.425,10.743775,10.426225,SL,-1.512,-0.483472,0.030000,0.526,LOSS
2026-09-24T21:04:56.966403+00:00,2026-09-24T22:17:19.128703+00:00,ENS/USDT:USDT,SHORT,canasta,30.00,7.113,7.005,7.006305,7.219695,TP,1.518,0.425504,0.030000,0.584,WIN
2026-09-24T21:21:36.708377+00:00,2026-09-24T22:17:45.090264+00:00,LTC/USDT:USDT,LONG,canasta,30.00,72.1,70.92,73.1815,71.0185,SL,-1.637,-0.520985,0.030000,0.521,LOSS
2026-09-24T21:04:56.966469+00:00,2026-09-24T22:19:41.617806+00:00,GRT/USDT:USDT,SHORT,canasta,30.00,0.02621,0.02578,0.02581685,0.02660315,TP,1.641,0.462179,0.030000,0.520,WIN
2026-09-24T22:04:25.983262+00:00,2026-09-24T22:20:21.194789+00:00,GRASS/USDT:USDT,LONG,canasta,30.00,0.4513,0.4444,0.4580695,0.4445305,SL,-1.529,-0.488675,0.030000,0.535,LOSS
2026-09-24T21:56:26.621828+00:00,2026-09-24T22:23:01.715091+00:00,TAO/USDT:USDT,SHORT,canasta,30.00,297.11,292.63,292.65335,301.56665,TP,1.508,0.422358,0.030000,0.531,WIN
2026-09-24T22:25:17.248086+00:00,2026-09-24T22:51:58.276521+00:00,AVAX/USDT:USDT,SHORT,canasta,30.00,10.345,10.178,10.189825,10.500175,TP,1.614,0.454292,0.030000,0.488,WIN
2026-09-24T22:19:52.404165+00:00,2026-09-24T23:00:50.569938+00:00,LTC/USDT:USDT,SHORT,canasta,30.00,70.55,71.61,69.49175,71.60825,SL,-1.502,-0.480744,0.030000,0.507,LOSS
2026-09-24T23:45:40.083405+00:00,2026-09-25T01:36:39.884062+00:00,0G/USDT:USDT,SHORT,canasta,8.69,0.2571,0.2529,0.2532435,0.2609565,TP,1.634,0.133270,0.008690,0.501,WIN
2026-09-25T03:35:13.014432+00:00,2026-09-25T03:36:26.219775+00:00,SAGA/USDT:USDT,SHORT,canasta,30.00,0.03096,0.03028,0.0304956,0.0314244,TP,2.196,0.628915,0.030000,0.771,WIN
2026-09-25T03:37:34.886118+00:00,2026-09-25T03:37:38.030345+00:00,SAGA/USDT:USDT,SHORT,canasta,30.00,0.03103,0.02993,0.03056455,0.03149545,TP,3.545,1.033487,0.030000,0.771,WIN
2026-09-25T03:37:41.908291+00:00,2026-09-25T03:37:46.716881+00:00,SAGA/USDT:USDT,SHORT,canasta,30.00,0.03014,0.02967,0.0296879,0.0305921,TP,1.559,0.437817,0.030000,0.771,WIN
2026-09-25T03:31:26.046684+00:00,2026-09-25T03:46:00.926912+00:00,FOLKS/USDT:USDT,SHORT,canasta,30.00,2.324,2.359,2.28914,2.35886,SL,-1.506,-0.481807,0.030000,0.793,LOSS
2026-09-25T03:31:26.046488+00:00,2026-09-25T04:07:11.456796+00:00,CFG/USDT:USDT,SHORT,canasta,30.00,0.1483,0.1508,0.1460755,0.1505245,SL,-1.686,-0.535732,0.030000,0.636,LOSS
2026-09-25T03:31:26.046700+00:00,2026-09-25T04:36:47.204403+00:00,AVAX/USDT:USDT,SHORT,canasta,30.00,10.103,10.256,9.951455,10.254545,SL,-1.514,-0.484320,0.030000,0.529,LOSS
2026-09-25T03:31:26.046627+00:00,2026-09-25T04:48:15.575248+00:00,JTO/USDT:USDT,SHORT,canasta,30.00,0.4875,0.4969,0.4801875,0.4948125,SL,-1.928,-0.608462,0.030000,0.554,LOSS
2026-09-25T03:31:26.046669+00:00,2026-09-25T05:03:46.041179+00:00,GRVT/USDT:USDT,SHORT,canasta,30.00,0.1989,0.2026,0.1959165,0.2018835,SL,-1.860,-0.588069,0.030000,0.989,LOSS
2026-09-25T03:31:26.046459+00:00,2026-09-25T05:25:11.466309+00:00,ENA/USDT:USDT,SHORT,canasta,30.00,0.22363,0.22014,0.22027555,0.22698445,TP,1.561,0.438184,0.030000,0.855,WIN
2026-09-25T03:31:26.046654+00:00,2026-09-25T08:38:15.634077+00:00,OPN/USDT:USDT,SHORT,canasta,30.00,0.05042,0.05159,0.0496637,0.0511763,SL,-2.321,-0.726152,0.030000,0.831,LOSS
2026-09-25T03:31:26.046507+00:00,2026-09-25T08:38:22.506423+00:00,SUI/USDT:USDT,SHORT,canasta,30.00,1.0072,1.0257,0.992092,1.022308,SL,-1.837,-0.581033,0.030000,0.834,LOSS
2026-09-25T13:30:12.524648+00:00,2026-09-25T13:33:08.337033+00:00,VTHO/USDT:USDT,LONG,canasta,5.60,0.0007776,0.0007657,0.000789264,0.000765936,SL,-1.530,-0.091300,0.005600,0.817,LOSS
2026-09-27T00:09:50.474054+00:00,2026-09-27T00:11:06.583213+00:00,GWEI/USDT:USDT,LONG,canasta,30.00,0.0231,0.02263,0.02772,0.0227535,SL,-2.035,-0.640390,0.030000,0.636,LOSS
2026-09-27T00:09:50.472309+00:00,2026-09-27T00:15:27.237369+00:00,PTB/USDT:USDT,LONG,canasta,30.00,0.001034,0.0010177,0.0012408,0.00101849,SL,-1.576,-0.502921,0.030000,0.786,LOSS
2026-09-27T00:31:00.633360+00:00,2026-09-27T00:49:06.154153+00:00,NEAR/USDT:USDT,LONG,canasta,30.00,5.145,5.062,6.174,5.067825,SL,-1.613,-0.513965,0.030000,0.661,LOSS
2026-09-27T00:31:00.633327+00:00,2026-09-27T00:54:06.233919+00:00,PYTH/USDT:USDT,LONG,canasta,30.00,0.08424,0.08244,0.101088,0.0829764,SL,-2.137,-0.671026,0.030000,0.894,LOSS
2026-09-27T00:31:00.633349+00:00,2026-09-27T01:05:23.489063+00:00,ESP/USDT:USDT,LONG,canasta,30.00,0.10867,0.10361,0.130404,0.10703995,SL,-4.656,-1.426890,0.030000,0.788,LOSS
2026-09-27T00:31:00.633645+00:00,2026-09-27T01:05:31.057629+00:00,SLX/USDT:USDT,SHORT,canasta,30.00,0.06968,0.07082,0.055744,0.0707252,SL,-1.636,-0.520815,0.030000,0.512,LOSS
2026-09-27T00:31:00.633635+00:00,2026-09-27T01:30:46.308380+00:00,BABY/USDT:USDT,SHORT,canasta,30.00,0.01377,0.01406,0.011016,0.01397655,SL,-2.106,-0.661808,0.030000,0.686,LOSS
2026-09-27T00:55:14.456997+00:00,2026-09-27T01:31:04.435516+00:00,W/USDT:USDT,LONG,canasta,30.00,0.013666,0.013457,0.0163992,0.01346101,SL,-1.529,-0.488803,0.030000,0.793,LOSS
2026-09-27T01:31:16.986444+00:00,2026-09-27T01:56:57.819554+00:00,DOGS/USDT:USDT,LONG,canasta,30.00,5.348e-05,5.265e-05,6.4176e-05,5.26778e-05,SL,-1.552,-0.495595,0.030000,0.613,LOSS
2026-09-27T01:30:51.949966+00:00,2026-09-27T02:22:43.695686+00:00,NOT/USDT:USDT,LONG,canasta,30.00,0.0005278,0.0005192,0.00063336,0.000519883,SL,-1.629,-0.518822,0.030000,0.639,LOSS
2026-09-27T02:44:22.710779+00:00,2026-09-27T03:00:15.450905+00:00,SOON/USDT:USDT,LONG,canasta,30.00,0.2725,0.2679,0.327,0.2684125,SL,-1.688,-0.536422,0.030000,0.576,LOSS
2026-09-27T02:44:22.710999+00:00,2026-09-27T03:30:26.188693+00:00,COMP/USDT:USDT,LONG,canasta,30.00,24.2,24.71,29.04,23.837,CEREBRO,2.107,0.602231,0.030000,0.521,WIN
2026-09-27T02:52:21.368498+00:00,2026-09-27T04:10:24.413865+00:00,WLD/USDT:USDT,LONG,canasta,30.00,0.5302,0.5218,0.63624,0.522247,SL,-1.584,-0.505292,0.030000,0.713,LOSS
2026-09-27T03:52:09.177909+00:00,2026-09-27T04:28:21.718278+00:00,LPT/USDT:USDT,LONG,canasta,30.00,1.83,1.797,2.196,1.80255,SL,-1.803,-0.570984,0.030000,0.480,LOSS
2026-09-27T02:44:22.704891+00:00,2026-09-27T04:36:51.811881+00:00,AKT/USDT:USDT,LONG,canasta,30.00,0.7064,0.6956,0.84768,0.695804,SL,-1.529,-0.488664,0.030000,0.679,LOSS
2026-09-27T03:51:12.485120+00:00,2026-09-27T04:45:58.106068+00:00,XAN/USDT:USDT,LONG,canasta,30.00,0.013753,0.013276,0.0165036,0.013546705,SL,-3.468,-1.070500,0.030000,0.551,LOSS
2026-09-27T00:35:22.305231+00:00,2026-09-27T04:47:19.370366+00:00,NEIRO/USDT:USDT,SHORT,canasta,30.00,9.205e-05,9.079e-05,7.364e-05,9.343075e-05,CEREBRO,1.369,0.380646,0.030000,0.786,WIN
2026-09-27T05:07:34.859378+00:00,2026-09-27T05:31:18.223059+00:00,TRIA/USDT:USDT,LONG,canasta,30.00,0.00468,0.004543,0.005616,0.0046098,SL,-2.927,-0.908205,0.030000,0.715,LOSS
2026-09-27T00:31:00.633653+00:00,2026-09-27T05:37:15.197404+00:00,AVNT/USDT:USDT,SHORT,canasta,30.00,0.12728,0.12919,0.101824,0.1291892,SL,-1.501,-0.480189,0.030000,0.506,LOSS
2026-09-27T05:25:30.411540+00:00,2026-09-27T05:46:27.013230+00:00,POWER/USDT:USDT,LONG,canasta,30.00,0.11522,0.11745,0.138264,0.1134917,CEREBRO,1.935,0.550628,0.030000,0.872,WIN
2026-09-27T05:25:30.412371+00:00,2026-09-27T05:56:29.438500+00:00,GRAM/USDT:USDT,LONG,canasta,30.00,1.61,1.585,1.932,1.58585,SL,-1.553,-0.495839,0.030000,0.866,LOSS
2026-09-27T05:25:30.412469+00:00,2026-09-27T06:05:37.032760+00:00,KAS/USDT:USDT,LONG,canasta,30.00,0.04739,0.04841,0.056868,0.04667915,CEREBRO,2.152,0.615706,0.030000,0.650,WIN
2026-09-27T00:31:00.633627+00:00,2026-09-27T06:14:26.398446+00:00,PARTI/USDT:USDT,SHORT,canasta,30.00,0.02602,0.02642,0.020816,0.0264103,SL,-1.537,-0.491184,0.030000,0.737,LOSS
2026-09-27T00:49:19.216031+00:00,2026-09-27T06:14:27.498253+00:00,ATH/USDT:USDT,SHORT,canasta,30.00,0.006318,0.006414,0.0050544,0.00641277,SL,-1.519,-0.485840,0.030000,0.816,LOSS
2026-09-27T01:05:38.409812+00:00,2026-09-27T06:25:06.824661+00:00,VELODROME/USDT:USDT,SHORT,canasta,30.00,0.03673,0.03732,0.029384,0.03728095,SL,-1.606,-0.511895,0.030000,0.986,LOSS
2026-09-27T05:07:34.859442+00:00,2026-09-27T06:25:10.385131+00:00,MOVR/USDT:USDT,LONG,canasta,30.00,1.0193,1.0037,1.22316,1.0040105,SL,-1.530,-0.489139,0.030000,0.504,LOSS
2026-09-27T06:15:07.237012+00:00,2026-09-27T06:25:11.625736+00:00,SAGA/USDT:USDT,SHORT,canasta,30.00,0.02711,0.02757,0.021688,0.02751665,SL,-1.697,-0.539037,0.030000,0.826,LOSS
2026-09-27T05:57:15.173527+00:00,2026-09-27T06:25:24.592885+00:00,OPN/USDT:USDT,LONG,canasta,30.00,0.05263,0.05405,0.063156,0.05184055,CEREBRO,2.698,0.779424,0.030000,0.808,WIN
2026-09-27T00:31:00.633555+00:00,2026-09-27T06:36:27.649652+00:00,GRT/USDT:USDT,SHORT,canasta,30.00,0.02727,0.02768,0.021816,0.02767905,SL,-1.503,-0.481045,0.030000,0.959,LOSS
2026-09-27T00:31:00.633371+00:00,2026-09-27T06:45:08.597642+00:00,1000BONK/USDT:USDT,SHORT,canasta,30.00,0.003624,0.003686,0.0028992,0.00367836,SL,-1.711,-0.543245,0.030000,0.992,LOSS
2026-09-27T00:31:00.633617+00:00,2026-09-27T06:45:09.874501+00:00,MANTRA/USDT:USDT,SHORT,canasta,30.00,0.004768,0.004843,0.0038144,0.00483952,SL,-1.573,-0.501896,0.030000,0.889,LOSS
2026-09-27T04:28:29.060070+00:00,2026-09-27T06:51:51.926265+00:00,SLX/USDT:USDT,LONG,canasta,30.00,0.07209,0.07095,0.086508,0.07100865,SL,-1.581,-0.504407,0.030000,0.517,LOSS
2026-09-27T06:46:47.872631+00:00,2026-09-27T07:08:56.915661+00:00,MUBARAK/USDT:USDT,SHORT,canasta,30.00,0.05494,0.05577,0.043952,0.0557641,SL,-1.511,-0.483222,0.030000,0.954,LOSS
2026-09-27T06:26:48.994240+00:00,2026-09-27T07:09:01.056784+00:00,COTI/USDT:USDT,SHORT,canasta,30.00,0.014619,0.014857,0.0116952,0.014838285,SL,-1.628,-0.518405,0.030000,0.945,LOSS
2026-09-27T05:25:30.412417+00:00,2026-09-27T07:09:14.745595+00:00,PYTH/USDT:USDT,LONG,canasta,30.00,0.0847,0.08681,0.10164,0.0834295,CEREBRO,2.491,0.717344,0.030000,0.827,WIN
2026-09-27T06:25:34.021723+00:00,2026-09-27T07:40:07.785067+00:00,OPN/USDT:USDT,LONG,canasta,30.00,0.05402,0.05496,0.064824,0.0532097,CEREBRO,1.740,0.492029,0.030000,0.808,WIN
2026-09-27T00:31:00.633604+00:00,2026-09-27T07:55:42.294189+00:00,SNX/USDT:USDT,SHORT,canasta,30.00,0.2587,0.2626,0.20696,0.2625805,SL,-1.508,-0.482261,0.030000,0.940,LOSS
2026-09-27T05:25:30.412509+00:00,2026-09-27T07:56:00.469514+00:00,MET/USDT:USDT,LONG,canasta,30.00,0.3483,0.3572,0.41796,0.3430755,CEREBRO,2.555,0.736581,0.030000,0.590,WIN
2026-09-27T06:46:47.872590+00:00,2026-09-27T08:05:28.545443+00:00,VIRTUAL/USDT:USDT,LONG,canasta,30.00,0.8021,0.8202,0.96252,0.7900685,CEREBRO,2.257,0.646973,0.030000,0.813,WIN
2026-09-27T07:41:45.065244+00:00,2026-09-27T08:17:22.918064+00:00,SUI/USDT:USDT,LONG,canasta,30.00,1.2479,1.2746,1.49748,1.2291815,CEREBRO,2.140,0.611878,0.030000,0.877,WIN
2026-09-27T08:05:34.220328+00:00,2026-09-27T08:17:34.925499+00:00,SUPER/USDT:USDT,LONG,canasta,30.00,0.21824,0.21472,0.261888,0.2149664,SL,-1.613,-0.513871,0.030000,0.844,LOSS
2026-09-27T06:46:47.872519+00:00,2026-09-27T08:29:41.598294+00:00,PIEVERSE/USDT:USDT,LONG,canasta,30.00,1.5961,1.6338,1.91532,1.5721585,CEREBRO,2.362,0.678602,0.030000,0.845,WIN
2026-09-27T07:23:09.143617+00:00,2026-09-27T08:29:48.437749+00:00,SUSHI/USDT:USDT,LONG,canasta,30.00,0.2729,0.2764,0.32748,0.2688065,CEREBRO,1.283,0.354756,0.030000,0.510,WIN
2026-09-27T06:45:18.991849+00:00,2026-09-27T08:42:14.705047+00:00,KAS/USDT:USDT,LONG,canasta,30.00,0.04963,0.04883,0.059556,0.04888555,SL,-1.612,-0.513578,0.030000,0.871,LOSS
2026-09-27T06:46:47.872612+00:00,2026-09-27T08:52:14.323970+00:00,PENDLE/USDT:USDT,LONG,canasta,30.00,2.6441,2.6,3.17292,2.6044385,SL,-1.668,-0.530359,0.030000,0.802,LOSS
2026-09-27T08:53:45.484848+00:00,2026-09-27T09:02:33.250616+00:00,ARX/USDT:USDT,LONG,canasta,30.00,0.2357,0.2375,0.28284,0.2321645,CEREBRO,0.764,0.199105,0.030000,0.826,WIN
2026-09-27T08:53:45.486766+00:00,2026-09-27T09:11:42.114154+00:00,XVG/USDT:USDT,LONG,canasta,30.00,0.003689,0.003616,0.0044268,0.003633665,SL,-1.979,-0.623657,0.030000,0.519,LOSS
2026-09-27T09:13:28.481000+00:00,2026-09-27T09:21:57.462865+00:00,TRIA/USDT:USDT,LONG,canasta,30.00,0.004941,0.004795,0.0059292,0.004866885,SL,-2.955,-0.916460,0.030000,0.827,LOSS
2026-09-27T08:53:45.486706+00:00,2026-09-27T09:22:25.431578+00:00,JASMY/USDT:USDT,LONG,canasta,30.00,0.004954,0.005035,0.0059448,0.00487969,CEREBRO,1.635,0.460513,0.030000,0.607,WIN
2026-09-27T09:02:37.126250+00:00,2026-09-27T09:41:36.231207+00:00,ARX/USDT:USDT,LONG,canasta,30.00,0.2447,0.2511,0.29364,0.2410295,CEREBRO,2.615,0.754634,0.030000,0.826,WIN
2026-09-27T07:09:24.568832+00:00,2026-09-27T09:51:22.184649+00:00,BR/USDT:USDT,SHORT,canasta,30.00,0.91253,0.94469,0.730024,0.92621795,SL,-3.524,-1.087280,0.030000,0.875,LOSS
2026-09-27T09:13:28.487847+00:00,2026-09-27T09:51:44.563782+00:00,BIGTIME/USDT:USDT,LONG,canasta,30.00,0.009892,0.010048,0.0118704,0.00974362,CEREBRO,1.577,0.443110,0.030000,0.572,WIN
2026-09-27T09:31:07.056672+00:00,2026-09-27T09:51:58.053432+00:00,JASMY/USDT:USDT,LONG,canasta,30.00,0.005106,0.005029,0.0061272,0.00502941,SL,-1.508,-0.482409,0.030000,0.627,LOSS
2026-09-27T09:42:52.602879+00:00,2026-09-27T10:01:51.110655+00:00,EIGEN/USDT:USDT,LONG,canasta,30.00,0.2849,0.2797,0.34188,0.2806265,SL,-1.825,-0.577561,0.030000,0.848,LOSS
2026-09-27T04:47:32.162418+00:00,2026-09-27T10:01:54.494077+00:00,ALLO/USDT:USDT,SHORT,canasta,30.00,0.2943,0.29003,0.23544,0.2987145,CEREBRO,1.451,0.405270,0.030000,0.992,WIN
2026-09-27T05:57:15.173570+00:00,2026-09-27T10:02:06.286921+00:00,DATAIP/USDT:USDT,SHORT,canasta,30.00,0.2285,0.232,0.1828,0.2319275,SL,-1.532,-0.489519,0.030000,0.988,LOSS
2026-09-27T09:52:07.335923+00:00,2026-09-27T10:13:59.940179+00:00,RAYSOL/USDT:USDT,LONG,canasta,30.00,2.2797,2.3379,2.73564,2.2455045,CEREBRO,2.553,0.735890,0.030000,0.695,WIN
2026-09-27T10:14:03.120627+00:00,2026-09-27T10:42:30.859149+00:00,RAYSOL/USDT:USDT,LONG,canasta,30.00,2.3389,2.2783,2.80668,2.3038165,SL,-2.591,-0.807288,0.030000,0.833,LOSS
2026-09-27T07:56:07.336417+00:00,2026-09-27T10:53:49.161632+00:00,FIL/USDT:USDT,LONG,canasta,30.00,1.1545,1.1358,1.3854,1.1371825,SL,-1.620,-0.515925,0.030000,0.842,LOSS
2026-09-27T10:24:23.597879+00:00,2026-09-27T11:03:02.565026+00:00,MUBARAK/USDT:USDT,SHORT,canasta,30.00,0.05382,0.05304,0.043056,0.0546273,CEREBRO,1.449,0.404783,0.030000,0.838,WIN
2026-09-27T10:03:21.545519+00:00,2026-09-27T11:11:45.689642+00:00,XAI/USDT:USDT,LONG,canasta,30.00,0.009726,0.009579,0.0116712,0.00958011,SL,-1.511,-0.483424,0.030000,0.851,LOSS
2026-09-27T10:24:23.600492+00:00,2026-09-27T11:11:46.376268+00:00,TAIKO/USDT:USDT,SHORT,canasta,30.00,0.1005,0.10233,0.0804,0.1020075,SL,-1.821,-0.576269,0.030000,0.823,LOSS
2026-09-27T10:55:18.447693+00:00,2026-09-27T11:21:50.208152+00:00,PIEVERSE/USDT:USDT,LONG,canasta,30.00,1.6403,1.6131,1.96836,1.6156955,SL,-1.658,-0.527470,0.030000,0.805,LOSS
2026-09-27T10:55:18.449412+00:00,2026-09-27T11:33:53.282956+00:00,MARSCOIN/USDT:USDT,LONG,canasta,30.00,0.13615,0.13988,0.16338,0.13410775,CEREBRO,2.740,0.791888,0.030000,0.759,WIN
2026-09-27T07:56:07.363747+00:00,2026-09-27T11:52:06.281052+00:00,RARE/USDT:USDT,SHORT,canasta,30.00,0.01987,0.02029,0.015896,0.02016805,SL,-2.114,-0.664122,0.030000,0.754,LOSS
2026-09-27T00:37:34.230866+00:00,2026-09-27T12:43:32.919564+00:00,XRP/USDT:USDT,SHORT,canasta,30.00,1.5199,1.5437,1.21592,1.5426985,SL,-1.566,-0.499768,0.030000,0.967,LOSS
2026-09-27T01:42:29.493368+00:00,2026-09-27T12:43:40.654750+00:00,LDO/USDT:USDT,LONG,canasta,30.00,0.4838,0.4917,0.58056,0.476543,CEREBRO,1.633,0.459872,0.030000,0.625,WIN
2026-09-27T11:53:50.745037+00:00,2026-09-27T12:53:59.726948+00:00,SAGA/USDT:USDT,SHORT,canasta,30.00,0.02675,0.02621,0.0214,0.02715125,CEREBRO,2.019,0.575607,0.030000,0.878,WIN
2026-09-27T12:43:47.224094+00:00,2026-09-27T12:54:41.690350+00:00,PENGU/USDT:USDT,LONG,canasta,30.00,0.010718,0.01055,0.0128616,0.01055723,SL,-1.567,-0.500237,0.030000,0.846,LOSS
2026-09-27T09:42:52.602963+00:00,2026-09-27T12:56:48.029592+00:00,SPK/USDT:USDT,LONG,canasta,30.00,0.02519,0.0248,0.030228,0.02481215,SL,-1.548,-0.494470,0.030000,0.819,LOSS
2026-09-27T10:03:21.551936+00:00,2026-09-27T13:04:22.054012+00:00,EDEN/USDT:USDT,LONG,canasta,30.00,0.06403,0.06289,0.076836,0.06306955,SL,-1.780,-0.564125,0.030000,0.836,LOSS
2026-09-27T11:53:50.738405+00:00,2026-09-27T13:04:23.249574+00:00,MUBARAK/USDT:USDT,LONG,canasta,30.00,0.05613,0.05504,0.067356,0.05528805,SL,-1.942,-0.612576,0.030000,0.852,LOSS
2026-09-27T11:53:50.744988+00:00,2026-09-27T13:13:26.101497+00:00,METIS/USDT:USDT,LONG,canasta,30.00,3.702,3.629,4.4424,3.64647,SL,-1.972,-0.621572,0.030000,0.713,LOSS
2026-09-27T08:32:35.461201+00:00,2026-09-27T13:13:34.137454+00:00,APE/USDT:USDT,LONG,canasta,30.00,0.1592,0.1566,0.19104,0.156812,SL,-1.633,-0.519950,0.030000,0.782,LOSS
2026-09-27T07:09:24.582834+00:00,2026-09-27T13:13:48.960241+00:00,GRIFFAIN/USDT:USDT,SHORT,canasta,30.00,0.01699,0.016695,0.013592,0.01724485,CEREBRO,1.736,0.490895,0.030000,0.830,WIN
2026-09-27T11:42:47.735479+00:00,2026-09-27T13:24:05.020937+00:00,PTB/USDT:USDT,SHORT,canasta,30.00,0.000981,0.0009727,0.0007848,0.000995715,CEREBRO,0.846,0.223823,0.030000,0.980,WIN
2026-09-27T12:56:50.463923+00:00,2026-09-27T13:57:30.814269+00:00,DEEP/USDT:USDT,LONG,canasta,30.00,0.02463,0.02426,0.029556,0.02426055,SL,-1.502,-0.480670,0.030000,0.857,LOSS
2026-09-27T12:54:50.495237+00:00,2026-09-27T14:21:06.601357+00:00,JASMY/USDT:USDT,LONG,canasta,30.00,0.005264,0.005174,0.0063168,0.00518504,SL,-1.710,-0.542918,0.030000,0.675,LOSS
2026-09-27T08:53:45.486785+00:00,2026-09-27T14:35:54.078598+00:00,INTW/USDT:USDT,LONG,canasta,30.00,34.48,33.96,41.376,33.9628,SL,-1.508,-0.482436,0.030000,0.499,LOSS
2026-09-27T06:46:47.872621+00:00,2026-09-27T14:48:30.778078+00:00,ORDI/USDT:USDT,LONG,canasta,30.00,4.866,4.792,5.8392,4.79301,SL,-1.521,-0.486227,0.030000,0.491,LOSS
2026-09-27T07:22:07.541511+00:00,2026-09-27T14:48:35.134522+00:00,THETA/USDT:USDT,LONG,canasta,30.00,0.2362,0.232,0.28344,0.232657,SL,-1.778,-0.563446,0.030000,0.777,LOSS
2026-09-27T12:54:07.252290+00:00,2026-09-27T14:53:33.642087+00:00,BIGTIME/USDT:USDT,SHORT,canasta,30.00,0.009544,0.009692,0.0076352,0.00968716,SL,-1.551,-0.495214,0.030000,0.690,LOSS
2026-09-27T15:45:19.914852+00:00,2026-09-27T15:48:04.101347+00:00,LDO/USDT:USDT,SHORT,canasta,30.00,0.4733,0.4838,0.37864,0.4803995,SL,-2.218,-0.695540,0.030000,0.761,LOSS
2026-09-27T15:49:08.809026+00:00,2026-09-27T15:51:49.857930+00:00,INX/USDT:USDT,LONG,canasta,30.00,0.007189,0.007062,0.0086268,0.007081165,SL,-1.767,-0.559976,0.030000,0.636,LOSS
2026-09-27T15:45:19.914852+00:00,2026-09-27T15:54:26.104766+00:00,SOON/USDT:USDT,LONG,canasta,30.00,0.3405,0.335,0.4086,0.3353925,SL,-1.615,-0.514581,0.030000,0.757,LOSS
2026-09-27T15:54:30.465354+00:00,2026-09-27T15:57:27.715533+00:00,SOON/USDT:USDT,LONG,canasta,30.00,0.3355,0.3303,0.4026,0.3304675,SL,-1.550,-0.494978,0.030000,0.550,LOSS
2026-09-27T15:45:19.914852+00:00,2026-09-27T15:57:41.177310+00:00,W/USDT:USDT,LONG,canasta,30.00,0.015373,0.01512,0.0184476,0.015142405,SL,-1.646,-0.523723,0.030000,0.831,LOSS
2026-09-27T15:46:26.360785+00:00,2026-09-27T16:00:57.251519+00:00,GRAM/USDT:USDT,LONG,canasta,30.00,1.636,1.669,1.9632,1.61146,CEREBRO,2.017,0.575134,0.030000,0.608,WIN
2026-09-27T15:45:19.914852+00:00,2026-09-27T16:04:13.942147+00:00,APR/USDT:USDT,SHORT,canasta,30.00,0.1346,0.1368,0.10768,0.136619,SL,-1.634,-0.520342,0.030000,0.507,LOSS
2026-09-27T15:45:19.914852+00:00,2026-09-27T16:05:47.662653+00:00,LSK/USDT:USDT,SHORT,canasta,30.00,0.32052,0.3254,0.256416,0.3253278,SL,-1.523,-0.486758,0.030000,0.893,LOSS
2026-09-27T15:45:19.914852+00:00,2026-09-27T16:06:56.593060+00:00,PTB/USDT:USDT,LONG,canasta,30.00,0.0009894,0.001004,0.00118728,0.000974559,CEREBRO,1.476,0.412693,0.030000,0.631,WIN
2026-09-27T15:58:47.971277+00:00,2026-09-27T16:13:10.922527+00:00,SYN/USDT:USDT,SHORT,canasta,30.00,0.1817,0.1845,0.14536,0.1844255,SL,-1.541,-0.492300,0.030000,0.511,LOSS
2026-09-27T16:04:21.152176+00:00,2026-09-27T16:18:26.012788+00:00,BEAT/USDT:USDT,SHORT,canasta,30.00,0.097,0.0985,0.0776,0.098455,SL,-1.546,-0.493918,0.030000,0.534,LOSS
2026-09-27T15:49:08.809026+00:00,2026-09-27T16:24:08.218141+00:00,LYN/USDT:USDT,LONG,canasta,30.00,0.03988,0.04026,0.047856,0.0392818,CEREBRO,0.953,0.255858,0.030000,0.574,WIN
2026-09-27T15:45:19.914852+00:00,2026-09-27T16:27:56.732804+00:00,TNSR/USDT:USDT,SHORT,canasta,30.00,0.04146,0.0408,0.033168,0.0420819,CEREBRO,1.592,0.447569,0.030000,0.683,WIN
2026-09-27T15:49:08.809026+00:00,2026-09-27T16:42:34.432968+00:00,ROSE/USDT:USDT,LONG,canasta,30.00,0.00877,0.008907,0.010524,0.00863845,CEREBRO,1.562,0.438643,0.030000,0.486,WIN
2026-09-27T16:00:57.305061+00:00,2026-09-27T16:48:34.483200+00:00,GRAM/USDT:USDT,LONG,canasta,30.00,1.669,1.704,2.0028,1.643965,CEREBRO,2.097,0.599119,0.030000,0.818,WIN
2026-09-27T15:49:08.809026+00:00,2026-09-27T17:02:11.458229+00:00,ORCA/USDT:USDT,LONG,canasta,30.00,1.71,1.731,2.052,1.68435,CEREBRO,1.228,0.338421,0.030000,0.670,WIN
2026-09-27T17:03:18.283586+00:00,2026-09-27T17:10:10.913819+00:00,NOM/USDT:USDT,LONG,canasta,30.00,0.002171,0.002134,0.0026052,0.002138435,SL,-1.704,-0.541285,0.030000,0.852,LOSS
2026-09-27T15:49:08.809026+00:00,2026-09-27T17:10:35.658438+00:00,ASR/USDT:USDT,LONG,canasta,30.00,0.9258,0.9114,1.11096,0.911913,SL,-1.555,-0.496623,0.030000,0.650,LOSS
2026-09-27T15:47:33.281743+00:00,2026-09-27T17:17:47.225770+00:00,ZAMA/USDT:USDT,SHORT,canasta,30.00,0.08095,0.08217,0.06476,0.08216425,SL,-1.507,-0.482131,0.030000,0.827,LOSS
2026-09-27T17:03:18.283586+00:00,2026-09-27T17:25:09.161568+00:00,APE/USDT:USDT,LONG,canasta,30.00,0.1669,0.1709,0.20028,0.1643965,CEREBRO,2.397,0.688993,0.030000,0.874,WIN
2026-09-27T17:36:50.264708+00:00,2026-09-27T17:47:25.681558+00:00,WLFI/USDT:USDT,LONG,canasta,30.00,0.05879,0.05938,0.070548,0.05790815,CEREBRO,1.004,0.271072,0.030000,0.824,WIN
2026-09-27T17:48:37.096963+00:00,2026-09-27T17:52:02.418193+00:00,GRT/USDT:USDT,LONG,canasta,30.00,0.0291,0.02931,0.03492,0.0286635,CEREBRO,0.722,0.186495,0.030000,0.485,WIN
2026-09-27T17:52:02.460726+00:00,2026-09-27T17:55:27.414210+00:00,GRT/USDT:USDT,LONG,canasta,30.00,0.0293,0.02955,0.03516,0.0288605,CEREBRO,0.853,0.225973,0.030000,0.485,WIN
2026-09-27T17:42:58.796935+00:00,2026-09-27T17:59:44.297290+00:00,MON/USDT:USDT,LONG,canasta,30.00,0.02658,0.02674,0.031896,0.0261813,CEREBRO,0.602,0.150587,0.030000,0.809,WIN
2026-09-27T17:48:37.095964+00:00,2026-09-27T18:01:10.398551+00:00,AR/USDT:USDT,LONG,canasta,30.00,5.083,5.121,6.0996,5.006755,CEREBRO,0.748,0.194277,0.030000,0.672,WIN
2026-09-27T17:55:27.699338+00:00,2026-09-27T18:03:33.422533+00:00,GRT/USDT:USDT,LONG,canasta,30.00,0.02955,0.02974,0.03546,0.02910675,CEREBRO,0.643,0.162893,0.030000,0.787,WIN
2026-09-27T17:58:43.595082+00:00,2026-09-27T18:03:33.750668+00:00,XPL/USDT:USDT,SHORT,canasta,30.00,0.10518,0.10419,0.084144,0.1067577,CEREBRO,0.941,0.252373,0.030000,0.766,WIN
2026-09-27T17:48:37.095964+00:00,2026-09-27T18:05:43.304770+00:00,AERO/USDT:USDT,LONG,canasta,30.00,0.8366,0.8419,1.00392,0.824051,CEREBRO,0.634,0.160055,0.030000,0.602,WIN
2026-09-27T17:53:03.847296+00:00,2026-09-27T18:09:09.880685+00:00,GRAM/USDT:USDT,SHORT,canasta,30.00,1.652,1.678,1.3216,1.67678,SL,-1.574,-0.502155,0.030000,0.637,LOSS
2026-09-27T18:04:55.109124+00:00,2026-09-27T18:13:56.264026+00:00,APE/USDT:USDT,SHORT,canasta,30.00,0.1648,0.1638,0.13184,0.167272,CEREBRO,0.607,0.152039,0.030000,0.609,WIN
2026-09-27T18:05:51.346322+00:00,2026-09-27T18:14:30.865278+00:00,AERO/USDT:USDT,LONG,canasta,30.00,0.8422,0.8485,1.01064,0.829567,CEREBRO,0.748,0.194412,0.030000,0.824,WIN
2026-09-27T17:58:43.595082+00:00,2026-09-27T18:16:54.598528+00:00,ENJ/USDT:USDT,LONG,canasta,30.00,0.03123,0.03145,0.037476,0.03076155,CEREBRO,0.704,0.181335,0.030000,0.695,WIN
2026-09-27T18:04:55.093951+00:00,2026-09-27T18:19:14.273647+00:00,APT/USDT:USDT,SHORT,canasta,30.00,0.8416,0.8559,0.67328,0.854224,SL,-1.699,-0.539743,0.030000,0.650,LOSS
2026-09-27T17:48:37.096963+00:00,2026-09-27T18:21:15.784679+00:00,METIS/USDT:USDT,SHORT,canasta,30.00,3.587,3.641,2.8696,3.640805,SL,-1.505,-0.481631,0.030000,0.861,LOSS
2026-09-27T18:04:55.078816+00:00,2026-09-27T18:21:19.213380+00:00,XPL/USDT:USDT,SHORT,canasta,30.00,0.10392,0.1055,0.083136,0.1054788,SL,-1.520,-0.486120,0.030000,0.978,LOSS
2026-09-27T18:04:55.046584+00:00,2026-09-27T18:22:57.040148+00:00,ORCA/USDT:USDT,LONG,canasta,30.00,1.742,1.755,2.0904,1.71587,CEREBRO,0.746,0.193881,0.030000,0.742,WIN
2026-09-27T18:01:11.378437+00:00,2026-09-27T18:23:13.130368+00:00,AR/USDT:USDT,LONG,canasta,30.00,5.12,5.043,6.144,5.0432,SL,-1.504,-0.481172,0.030000,0.840,LOSS
2026-09-27T17:49:39.899197+00:00,2026-09-27T18:24:04.527267+00:00,MAGIC/USDT:USDT,SHORT,canasta,30.00,0.05373,0.05455,0.042984,0.05453595,SL,-1.526,-0.487845,0.030000,0.723,LOSS
2026-09-27T18:14:30.896684+00:00,2026-09-27T18:27:32.934968+00:00,ZAMA/USDT:USDT,LONG,canasta,30.00,0.08401,0.08462,0.100812,0.08274985,CEREBRO,0.726,0.187831,0.030000,0.852,WIN
2026-09-27T18:23:31.677601+00:00,2026-09-27T18:28:30.886127+00:00,NIL/USDT:USDT,SHORT,canasta,30.00,0.10276,0.10205,0.082208,0.1043014,CEREBRO,0.691,0.177279,0.030000,0.930,WIN
2026-09-27T18:29:39.792681+00:00,2026-09-27T18:31:42.885493+00:00,W/USDT:USDT,SHORT,canasta,30.00,0.015041,0.015312,0.0120328,0.015266615,SL,-1.802,-0.570523,0.030000,0.532,LOSS
2026-09-27T18:27:33.250883+00:00,2026-09-27T18:32:27.391383+00:00,NMR/USDT:USDT,LONG,canasta,30.00,10.294,10.399,12.3528,10.13959,CEREBRO,1.020,0.276003,0.030000,0.839,WIN
2026-09-27T19:12:55.882064+00:00,2026-09-27T19:18:28.893062+00:00,KMNO/USDT:USDT,LONG,canasta,7.00,0.04702,0.04734,0.056424,0.0463147,CEREBRO,0.681,0.040639,0.007000,0.772,WIN
2026-09-27T19:18:28.931060+00:00,2026-09-27T20:04:11.890328+00:00,KMNO/USDT:USDT,LONG,canasta,7.00,0.04734,0.04786,0.056808,0.0466299,CEREBRO,1.098,0.069891,0.007000,0.772,WIN
